Rank,Domain,Share,Country
1,google.com,42.56%,"Bulgaria
,Canada
,Chile
,China
,Taiwan
,Colombia
,Croatia
,Czech,Denmark
,Finland
,France
,Germany
,Greece
,Argentina
,Hong,Hungary
,India
,Australia
,Indonesia
,Iraq
,Ireland
,Israel
,Italy
,Japan
,Austria
,Kuwait
,Malaysia
,Mexico
,Morocco
,Netherlands
,New,Belgium
,Norway
,Pakistan
,Peru
,Philippines
,Poland
,Portugal
,Qatar
,Romania
,Russia
,Saudi,Serbia
,Singapore
,Slovakia
,Vietnam
,South,Spain
,Sweden
,Switzerland
,Brazil
,Thailand
,United,Turkey
,Ukraine
,Egypt
,United,United,Venezuela
,WorldWide
"
2,yandex.ru,4.29%,"Bulgaria
,Canada
,Chile
,China
,Taiwan
,Colombia
,Croatia
,Czech,Denmark
,Finland
,France
,Germany
,Greece
,Argentina
,Hong,Hungary
,India
,Australia
,Indonesia
,Iraq
,Ireland
,Israel
,Italy
,Japan
,Austria
,Kuwait
,Malaysia
,Mexico
,Morocco
,Netherlands
,New,Belgium
,Norway
,Pakistan
,Peru
,Philippines
,Poland
,Portugal
,Qatar
,Romania
,Russia
,Saudi,Serbia
,Singapore
,Slovakia
,Vietnam
,South,Spain
,Sweden
,Switzerland
,Brazil
,Thailand
,United,Turkey
,Ukraine
,Egypt
,United,United,Venezuela
,WorldWide
"
3,google.com.br,3.64%,"Canada
,Chile
,Colombia
,Czech,Denmark
,Finland
,France
,Germany
,Argentina
,Hong,Hungary
,Australia
,Indonesia
,Ireland
,Israel
,Italy
,Japan
,Austria
,Malaysia
,Mexico
,Netherlands
,New,Belgium
,Norway
,Peru
,Portugal
,Saudi,Singapore
,South,Spain
,Sweden
,Switzerland
,Brazil
,Turkey
,Ukraine
,United,United,Venezuela
,WorldWide
"
3,atlas.sk,3.26%,"Czech,Hungary
,Ireland
,Austria
,Slovakia
"
3,google.com.iq,2.82%,"Iraq
"
4,google.co.uk,2.74%,"Bulgaria
,Canada
,Chile
,China
,Taiwan
,Colombia
,Croatia
,Czech,Denmark
,Finland
,France
,Germany
,Greece
,Argentina
,Hong,Hungary
,India
,Australia
,Indonesia
,Iraq
,Ireland
,Israel
,Italy
,Japan
,Austria
,Kuwait
,Malaysia
,Mexico
,Morocco
,Netherlands
,New,Belgium
,Norway
,Pakistan
,Peru
,Philippines
,Poland
,Portugal
,Qatar
,Romania
,Russia
,Saudi,Serbia
,Singapore
,Slovakia
,Vietnam
,South,Spain
,Sweden
,Switzerland
,Brazil
,Thailand
,United,Turkey
,Ukraine
,Egypt
,United,United,Venezuela
,WorldWide
"
5,baidu.com,2.67%,"Bulgaria
,Canada
,Chile
,China
,Taiwan
,Colombia
,Croatia
,Czech,Denmark
,Finland
,France
,Germany
,Greece
,Argentina
,Hong,Hungary
,India
,Australia
,Indonesia
,Iraq
,Ireland
,Israel
,Italy
,Japan
,Austria
,Kuwait
,Malaysia
,Mexico
,Morocco
,Netherlands
,New,Belgium
,Norway
,Pakistan
,Peru
,Philippines
,Poland
,Portugal
,Qatar
,Romania
,Russia
,Saudi,Serbia
,Singapore
,Slovakia
,Vietnam
,South,Spain
,Sweden
,Switzerland
,Brazil
,Thailand
,United,Turkey
,Ukraine
,Egypt
,United,United,Venezuela
,WorldWide
"
6,google.fr,2.50%,"Bulgaria
,Canada
,Chile
,China
,Taiwan
,Colombia
,Croatia
,Czech,Denmark
,Finland
,France
,Germany
,Greece
,Argentina
,Hong,Hungary
,India
,Australia
,Indonesia
,Iraq
,Ireland
,Israel
,Italy
,Japan
,Austria
,Kuwait
,Malaysia
,Mexico
,Morocco
,Netherlands
,New,Belgium
,Norway
,Pakistan
,Peru
,Philippines
,Poland
,Portugal
,Qatar
,Romania
,Russia
,Saudi,Serbia
,Singapore
,Slovakia
,Vietnam
,South,Spain
,Sweden
,Switzerland
,Brazil
,Thailand
,United,Turkey
,Ukraine
,Egypt
,United,United,Venezuela
,WorldWide
"
7,google.co.in,2.48%,"Bulgaria
,Canada
,Chile
,China
,Taiwan
,Colombia
,Croatia
,Czech,Denmark
,Finland
,France
,Germany
,Greece
,Argentina
,Hong,Hungary
,India
,Australia
,Indonesia
,Iraq
,Ireland
,Israel
,Italy
,Japan
,Austria
,Kuwait
,Malaysia
,Mexico
,Morocco
,Netherlands
,New,Belgium
,Norway
,Pakistan
,Peru
,Philippines
,Poland
,Portugal
,Qatar
,Romania
,Saudi,Serbia
,Singapore
,Slovakia
,Vietnam
,South,Spain
,Sweden
,Switzerland
,Brazil
,Thailand
,United,Turkey
,Ukraine
,Egypt
,United,United,Venezuela
,WorldWide
"
3,search.ch,2.39%,"Germany
,Austria
,Serbia
,Switzerland
"
8,google.co.jp,2.17%,"Canada
,Chile
,China
,Taiwan
,Colombia
,Czech,Denmark
,Finland
,France
,Germany
,Greece
,Argentina
,Hong,Hungary
,India
,Australia
,Indonesia
,Iraq
,Ireland
,Italy
,Japan
,Austria
,Kuwait
,Malaysia
,Mexico
,Morocco
,Netherlands
,New,Belgium
,Norway
,Pakistan
,Peru
,Philippines
,Poland
,Qatar
,Saudi,Serbia
,Singapore
,Slovakia
,Vietnam
,Spain
,Sweden
,Switzerland
,Brazil
,Thailand
,United,Egypt
,United,United,WorldWide
"
9,google.de,2.10%,"Bulgaria
,Canada
,Chile
,China
,Taiwan
,Colombia
,Croatia
,Czech,Denmark
,Finland
,France
,Germany
,Greece
,Argentina
,Hong,Hungary
,India
,Australia
,Indonesia
,Iraq
,Ireland
,Israel
,Italy
,Japan
,Austria
,Kuwait
,Malaysia
,Mexico
,Morocco
,Netherlands
,New,Belgium
,Norway
,Pakistan
,Peru
,Philippines
,Poland
,Portugal
,Qatar
,Romania
,Russia
,Saudi,Serbia
,Singapore
,Slovakia
,Vietnam
,South,Spain
,Sweden
,Switzerland
,Brazil
,Thailand
,United,Turkey
,Ukraine
,Egypt
,United,United,Venezuela
,WorldWide
"
10,google.ru,1.84%,"Bulgaria
,Canada
,Chile
,China
,Taiwan
,Colombia
,Croatia
,Czech,Denmark
,Finland
,France
,Germany
,Greece
,Argentina
,Hong,Hungary
,India
,Australia
,Indonesia
,Iraq
,Ireland
,Israel
,Italy
,Japan
,Austria
,Kuwait
,Malaysia
,Mexico
,Morocco
,Netherlands
,New,Belgium
,Norway
,Pakistan
,Peru
,Philippines
,Poland
,Portugal
,Qatar
,Romania
,Russia
,Saudi,Serbia
,Singapore
,Slovakia
,Vietnam
,South,Spain
,Sweden
,Switzerland
,Brazil
,Thailand
,United,Turkey
,Ukraine
,Egypt
,United,United,Venezuela
,WorldWide
"
11,google.pl,1.77%,"Bulgaria
,Canada
,Colombia
,Croatia
,Czech,Denmark
,Finland
,France
,Germany
,Greece
,Hungary
,Australia
,Indonesia
,Ireland
,Israel
,Italy
,Japan
,Austria
,Kuwait
,Morocco
,Netherlands
,New,Belgium
,Norway
,Pakistan
,Poland
,Portugal
,Qatar
,Romania
,Russia
,Serbia
,Singapore
,Slovakia
,South,Spain
,Sweden
,Switzerland
,Thailand
,United,Turkey
,Ukraine
,United,United,WorldWide
"
12,google.com.tr,1.59%,"Bulgaria
,Canada
,Czech,Denmark
,Finland
,France
,Germany
,Greece
,Hong,Hungary
,Australia
,Indonesia
,Iraq
,Ireland
,Israel
,Italy
,Austria
,Kuwait
,Morocco
,Netherlands
,New,Belgium
,Norway
,Pakistan
,Poland
,Qatar
,Romania
,Russia
,Saudi,Serbia
,Singapore
,Vietnam
,Spain
,Sweden
,Switzerland
,United,Turkey
,Ukraine
,Egypt
,United,United,WorldWide
"
3,blogspot.ae,1.53%,"Indonesia
,Iraq
,Kuwait
,Morocco
,Saudi,United"
13,bing.com,1.49%,"Bulgaria
,Canada
,Chile
,China
,Taiwan
,Colombia
,Croatia
,Czech,Denmark
,Finland
,France
,Germany
,Greece
,Argentina
,Hong,Hungary
,India
,Australia
,Indonesia
,Iraq
,Ireland
,Israel
,Italy
,Japan
,Austria
,Kuwait
,Malaysia
,Mexico
,Morocco
,Netherlands
,New,Belgium
,Norway
,Pakistan
,Peru
,Philippines
,Poland
,Portugal
,Qatar
,Romania
,Russia
,Saudi,Serbia
,Singapore
,Slovakia
,Vietnam
,South,Spain
,Sweden
,Switzerland
,Brazil
,Thailand
,United,Turkey
,Ukraine
,Egypt
,United,United,Venezuela
,WorldWide
"
14,google.es,1.46%,"Bulgaria
,Canada
,Chile
,Colombia
,Croatia
,Czech,Denmark
,Finland
,France
,Germany
,Greece
,Argentina
,Hong,Hungary
,Australia
,Ireland
,Israel
,Italy
,Japan
,Austria
,Mexico
,Morocco
,Netherlands
,New,Belgium
,Norway
,Pakistan
,Peru
,Poland
,Portugal
,Qatar
,Romania
,Russia
,Saudi,Slovakia
,Spain
,Sweden
,Switzerland
,Brazil
,Thailand
,United,Turkey
,Ukraine
,Egypt
,United,United,Venezuela
,WorldWide
"
15,google.it,1.38%,"Bulgaria
,Canada
,Chile
,Colombia
,Croatia
,Czech,Denmark
,Finland
,France
,Germany
,Greece
,Argentina
,Hong,Hungary
,India
,Australia
,Iraq
,Ireland
,Israel
,Italy
,Japan
,Austria
,Mexico
,Morocco
,Netherlands
,New,Belgium
,Norway
,Peru
,Poland
,Portugal
,Qatar
,Romania
,Russia
,Saudi,Serbia
,Singapore
,Slovakia
,South,Spain
,Sweden
,Switzerland
,Brazil
,Thailand
,United,Turkey
,Ukraine
,Egypt
,United,United,WorldWide
"
16,google.com.mx,1.37%,"Bulgaria
,Canada
,Chile
,Colombia
,Denmark
,Argentina
,Ireland
,Austria
,Mexico
,Netherlands
,Norway
,Peru
,Poland
,Romania
,Vietnam
,Spain
,Brazil
,Turkey
,United,Venezuela
,WorldWide
"
17,google.ca,1.36%,"Bulgaria
,Canada
,Chile
,China
,Taiwan
,Colombia
,Croatia
,Czech,Denmark
,Finland
,France
,Germany
,Greece
,Argentina
,Hong,Hungary
,India
,Australia
,Indonesia
,Iraq
,Ireland
,Israel
,Italy
,Japan
,Austria
,Kuwait
,Malaysia
,Mexico
,Morocco
,Netherlands
,New,Belgium
,Norway
,Pakistan
,Peru
,Philippines
,Poland
,Portugal
,Qatar
,Romania
,Russia
,Saudi,Serbia
,Singapore
,Slovakia
,Vietnam
,South,Spain
,Sweden
,Switzerland
,Brazil
,Thailand
,United,Turkey
,Ukraine
,Egypt
,United,United,Venezuela
,WorldWide
"
3,fonecta.fi,1.35%,"Finland
"
18,google.com.ar,1.06%,"Chile
,Colombia
,Argentina
,Australia
,Israel
,Austria
,Mexico
,Morocco
,New,Peru
,Spain
,Brazil
,United,Venezuela
,WorldWide
"
3,krstarica.com,0.84%,"Croatia
,Austria
,Qatar
,Serbia
"
4,krak.dk,0.81%,"Denmark
"
6,meta.ua,0.80%,"Czech,Finland
,Hungary
,Israel
,Kuwait
,Poland
,Portugal
,Russia
,Ukraine
"
19,google.com.ua,0.77%,"Bulgaria
,Canada
,Czech,Denmark
,Finland
,France
,Germany
,Greece
,Hong,Hungary
,Iraq
,Ireland
,Israel
,Italy
,Austria
,Netherlands
,Belgium
,Norway
,Poland
,Portugal
,Qatar
,Romania
,Russia
,Saudi,Serbia
,Singapore
,Slovakia
,Vietnam
,Spain
,Sweden
,Switzerland
,Thailand
,United,Turkey
,Ukraine
,Egypt
,United,United,WorldWide
"
20,google.co.th,0.77%,"Taiwan
,Finland
,Hong,India
,Australia
,Indonesia
,Iraq
,Ireland
,Israel
,Italy
,Japan
,Malaysia
,New,Belgium
,Norway
,Philippines
,Singapore
,Vietnam
,Sweden
,Switzerland
,Thailand
,Turkey
,Egypt
,United,WorldWide
"
21,google.com.au,0.73%,"Bulgaria
,Canada
,China
,Taiwan
,Colombia
,Czech,Denmark
,Finland
,France
,Germany
,Greece
,Argentina
,Hong,Hungary
,India
,Australia
,Indonesia
,Ireland
,Israel
,Italy
,Japan
,Austria
,Kuwait
,Malaysia
,Morocco
,Netherlands
,New,Belgium
,Norway
,Pakistan
,Peru
,Philippines
,Poland
,Qatar
,Romania
,Saudi,Serbia
,Singapore
,Slovakia
,Vietnam
,South,Spain
,Sweden
,Switzerland
,Thailand
,United,Turkey
,United,United,Venezuela
,WorldWide
"
3,obrazky.cz,0.70%,Czech
22,google.com.tw,0.68%,"Canada
,China
,Taiwan
,Czech,Germany
,Hong,Australia
,Indonesia
,Ireland
,Japan
,Malaysia
,Netherlands
,New,Belgium
,Philippines
,Qatar
,Singapore
,Vietnam
,South,Sweden
,Thailand
,United,United,United,WorldWide
"
4,mobiyobi.com,0.68%,"Serbia
"
3,xo.gr,0.67%,"Greece
"
23,ask.com,0.65%,"Bulgaria
,Canada
,Chile
,China
,Taiwan
,Colombia
,Croatia
,Czech,Denmark
,Finland
,France
,Germany
,Greece
,Argentina
,Hong,Hungary
,India
,Australia
,Indonesia
,Iraq
,Ireland
,Israel
,Italy
,Japan
,Austria
,Kuwait
,Malaysia
,Mexico
,Morocco
,Netherlands
,New,Belgium
,Norway
,Pakistan
,Peru
,Philippines
,Poland
,Portugal
,Qatar
,Romania
,Russia
,Saudi,Serbia
,Singapore
,Slovakia
,Vietnam
,South,Spain
,Sweden
,Switzerland
,Brazil
,Thailand
,United,Turkey
,Ukraine
,Egypt
,United,United,Venezuela
,WorldWide
"
24,google.co.id,0.61%,"China
,Germany
,Hong,India
,Australia
,Indonesia
,Japan
,Kuwait
,Malaysia
,Morocco
,Netherlands
,Philippines
,Qatar
,Saudi,Singapore
,Vietnam
,Thailand
,United,Turkey
,Egypt
,United,United,WorldWide
"
25,google.com.co,0.58%,"Chile
,Colombia
,Argentina
,Mexico
,Peru
,Portugal
,Spain
,Brazil
,United,Venezuela
,WorldWide
"
26,google.nl,0.54%,"Bulgaria
,Canada
,China
,Czech,Denmark
,Finland
,France
,Germany
,Greece
,Hong,Hungary
,India
,Australia
,Indonesia
,Iraq
,Ireland
,Israel
,Italy
,Austria
,Kuwait
,Malaysia
,Morocco
,Netherlands
,New,Belgium
,Norway
,Pakistan
,Philippines
,Poland
,Portugal
,Qatar
,Romania
,Russia
,Saudi,Singapore
,Slovakia
,Vietnam
,South,Spain
,Sweden
,Switzerland
,Thailand
,United,Turkey
,Ukraine
,Egypt
,United,United,WorldWide
"
5,1stbrowser.com,0.50%,"Chile
,Colombia
,France
,Germany
,Argentina
,Italy
,Mexico
,Peru
,Spain
,Brazil
,Venezuela
"
27,google.com.pe,0.49%,"Chile
,Colombia
,Argentina
,Italy
,Mexico
,Peru
,Qatar
,Spain
,Venezuela
,WorldWide
"
28,google.ro,0.48%,"Bulgaria
,Canada
,Czech,Denmark
,France
,Germany
,Greece
,Hong,Hungary
,Iraq
,Ireland
,Israel
,Italy
,Austria
,Kuwait
,Morocco
,Netherlands
,Belgium
,Norway
,Poland
,Portugal
,Qatar
,Romania
,Saudi,Serbia
,Slovakia
,Spain
,Sweden
,Switzerland
,United,Turkey
,Egypt
,United,United,WorldWide
"
29,yandex.ua,0.47%,"Bulgaria
,Czech,Finland
,Hungary
,Ireland
,Israel
,Italy
,Austria
,Netherlands
,Belgium
,Norway
,Poland
,Portugal
,Romania
,Russia
,Singapore
,Slovakia
,Spain
,Sweden
,United,Turkey
,Ukraine
,United,WorldWide
"
5,allabolag.se,0.46%,"Denmark
,Norway
,Sweden
"
30,google.cl,0.43%,"Canada
,Chile
,Colombia
,Denmark
,Argentina
,Israel
,Mexico
,New,Peru
,Spain
,Switzerland
,Brazil
,Venezuela
,WorldWide
"
4,poczta.home.pl,0.40%,"Ireland
,Poland
"
31,google.be,0.40%,"Bulgaria
,Canada
,Croatia
,Czech,Denmark
,Finland
,France
,Germany
,Greece
,Hong,Hungary
,Ireland
,Israel
,Italy
,Austria
,Kuwait
,Morocco
,Netherlands
,Belgium
,Norway
,Pakistan
,Poland
,Portugal
,Romania
,Slovakia
,South,Spain
,Sweden
,Switzerland
,Thailand
,United,Turkey
,United,United,WorldWide
"
32,google.com.ph,0.39%,"Chile
,China
,Taiwan
,Czech,Finland
,Hong,Hungary
,Australia
,Indonesia
,Iraq
,Israel
,Japan
,Kuwait
,Malaysia
,Morocco
,Netherlands
,New,Philippines
,Qatar
,Saudi,Serbia
,Singapore
,Vietnam
,Thailand
,United,Egypt
,United,WorldWide
"
3,filmes-hd.com,0.39%,"Portugal
"
33,google.co.ve,0.39%,"Chile
,Colombia
,Argentina
,Mexico
,Norway
,Peru
,Spain
,Venezuela
,WorldWide
"
34,google.pt,0.38%,"Bulgaria
,Croatia
,Czech,Denmark
,Finland
,France
,Germany
,Greece
,Ireland
,Italy
,Austria
,Kuwait
,Netherlands
,Belgium
,Norway
,Poland
,Portugal
,Romania
,Slovakia
,South,Spain
,Sweden
,Switzerland
,Brazil
,Thailand
,Turkey
,United,WorldWide
"
35,google.cz,0.36%,"Croatia
,Czech,Denmark
,Finland
,Germany
,Hungary
,Ireland
,Israel
,Austria
,Netherlands
,New,Belgium
,Norway
,Poland
,Romania
,Slovakia
,Spain
,Sweden
,Switzerland
,United,Ukraine
,United,WorldWide
"
36,google.hu,0.35%,"Bulgaria
,Canada
,Croatia
,Czech,Denmark
,Finland
,France
,Germany
,Hungary
,Ireland
,Israel
,Austria
,Netherlands
,Belgium
,Norway
,Poland
,Romania
,Serbia
,Slovakia
,Spain
,Sweden
,Switzerland
,Ukraine
,United,WorldWide
"
37,google.com.hk,0.35%,"Canada
,China
,Taiwan
,Denmark
,Finland
,France
,Germany
,Hong,India
,Australia
,Indonesia
,Ireland
,Italy
,Japan
,Kuwait
,Malaysia
,Netherlands
,New,Belgium
,Norway
,Philippines
,Portugal
,Singapore
,Vietnam
,South,Sweden
,Switzerland
,Thailand
,Egypt
,United,United,Venezuela
,WorldWide
"
38,hao123.com,0.34%,"Canada
,China
,Taiwan
,France
,Germany
,Hong,Australia
,Indonesia
,Iraq
,Japan
,Kuwait
,Malaysia
,Morocco
,Netherlands
,New,Pakistan
,Philippines
,Qatar
,Saudi,Serbia
,Singapore
,Vietnam
,Brazil
,Thailand
,United,Turkey
,Egypt
,United,United,WorldWide
"
39,google.com.eg,0.33%,"Canada
,Denmark
,France
,Germany
,Hungary
,Iraq
,Ireland
,Israel
,Italy
,Austria
,Kuwait
,Malaysia
,Morocco
,Netherlands
,Belgium
,Qatar
,Saudi,Sweden
,United,Turkey
,Egypt
,United,WorldWide
"
8,google.com.cy,0.32%,"Greece
,Turkey
"
40,google.com.vn,0.31%,"Taiwan
,Czech,Finland
,France
,Hong,Hungary
,Australia
,Japan
,Malaysia
,Peru
,Philippines
,Singapore
,Vietnam
,Sweden
,Thailand
,United,Venezuela
,WorldWide
"
41,google.gr,0.30%,"Bulgaria
,Czech,Denmark
,Finland
,Germany
,Greece
,Hungary
,Australia
,Ireland
,Israel
,Italy
,Austria
,Kuwait
,Netherlands
,Belgium
,Norway
,Qatar
,Romania
,Serbia
,Slovakia
,Spain
,Sweden
,Switzerland
,Turkey
,United,WorldWide
"
42,google.se,0.30%,"Canada
,Croatia
,Czech,Denmark
,Finland
,France
,Germany
,Greece
,Hungary
,Australia
,Iraq
,Ireland
,Austria
,Netherlands
,Belgium
,Norway
,Poland
,Portugal
,Romania
,Saudi,Serbia
,Singapore
,Slovakia
,South,Spain
,Sweden
,Switzerland
,Thailand
,United,Turkey
,United,WorldWide
"
43,yandex.com.tr,0.30%,"Bulgaria
,China
,Finland
,Germany
,Greece
,Iraq
,Austria
,Netherlands
,Norway
,Turkey
,WorldWide
"
44,google.ch,0.29%,"Bulgaria
,Canada
,Chile
,Taiwan
,Colombia
,Croatia
,Czech,Denmark
,Finland
,France
,Germany
,Greece
,Hong,Hungary
,Australia
,Ireland
,Israel
,Italy
,Austria
,Morocco
,Netherlands
,New,Belgium
,Norway
,Poland
,Portugal
,Romania
,Saudi,Serbia
,Singapore
,Slovakia
,South,Spain
,Sweden
,Switzerland
,Thailand
,United,Turkey
,United,United,WorldWide
"
45,google.co.za,0.29%,"Australia
,Ireland
,New,Norway
,Qatar
,South,United,United,WorldWide
"
8,superstart.se,0.26%,"Sweden
"
9,etilbudsavis.dk,0.26%,"Denmark
"
46,google.com.pk,0.26%,"Denmark
,Hong,Australia
,Iraq
,Ireland
,Kuwait
,Malaysia
,Netherlands
,Pakistan
,Qatar
,Saudi,Singapore
,Sweden
,United,Turkey
,Ukraine
,United,United,WorldWide
"
47,google.co.il,0.25%,"Canada
,Czech,Denmark
,Hungary
,Australia
,Ireland
,Israel
,Italy
,Austria
,Netherlands
,Romania
,Ukraine
,United,United,WorldWide
"
48,google.co.kr,0.25%,"Canada
,China
,Taiwan
,Hong,Australia
,Indonesia
,Iraq
,Israel
,Japan
,Kuwait
,Malaysia
,Netherlands
,New,Norway
,Philippines
,Singapore
,Slovakia
,Vietnam
,Sweden
,Thailand
,United,Turkey
,United,WorldWide
"
6,argentino.com.ar,0.24%,"Argentina
"
6,laborum.pe,0.24%,"Peru
"
49,google.ae,0.23%,"Canada
,China
,Czech,Denmark
,Finland
,France
,Germany
,Hong,India
,Australia
,Indonesia
,Iraq
,Ireland
,Israel
,Kuwait
,Malaysia
,Morocco
,Netherlands
,New,Norway
,Pakistan
,Philippines
,Qatar
,Romania
,Saudi,Serbia
,Singapore
,South,Sweden
,Switzerland
,United,Turkey
,Egypt
,United,United,WorldWide
"
50,google.com.sa,0.22%,"Canada
,Croatia
,Czech,India
,Iraq
,Ireland
,Israel
,Austria
,Kuwait
,Malaysia
,Morocco
,Netherlands
,Pakistan
,Philippines
,Qatar
,Romania
,Saudi,Singapore
,Sweden
,Switzerland
,United,Turkey
,Egypt
,United,United,WorldWide
"
51,google.bg,0.22%,"Bulgaria
,Canada
,Croatia
,Czech,Denmark
,Germany
,Greece
,Hungary
,Ireland
,Israel
,Italy
,Austria
,Kuwait
,Netherlands
,Belgium
,Norway
,Romania
,Serbia
,Slovakia
,South,Spain
,Sweden
,Turkey
,United,WorldWide
"
6,google.com.kh,0.22%,"Vietnam
"
52,google.com.ec,0.22%,"Chile
,Colombia
,Argentina
,Peru
,Spain
,Venezuela
,WorldWide
"
53,google.at,0.21%,"Bulgaria
,Croatia
,Czech,Denmark
,Finland
,Germany
,Greece
,Hungary
,Australia
,Ireland
,Israel
,Italy
,Austria
,Netherlands
,New,Belgium
,Norway
,Poland
,Portugal
,Romania
,Serbia
,Slovakia
,Spain
,Sweden
,Switzerland
,Thailand
,United,Turkey
,United,WorldWide
"
54,yandex.by,0.20%,"Czech,Netherlands
,Poland
,Russia
,Ukraine
,WorldWide
"
55,google.sk,0.19%,"Croatia
,Czech,Denmark
,Finland
,Germany
,Hungary
,Ireland
,Austria
,Netherlands
,Belgium
,Norway
,Poland
,Serbia
,Slovakia
,Sweden
,Switzerland
,United,WorldWide
"
56,google.com.sg,0.19%,"Canada
,China
,Taiwan
,Czech,Denmark
,Finland
,Hong,India
,Australia
,Indonesia
,Iraq
,Ireland
,Japan
,Malaysia
,Netherlands
,New,Pakistan
,Philippines
,Qatar
,Saudi,Singapore
,Vietnam
,Switzerland
,Thailand
,United,United,United,WorldWide
"
7,yellow.co.nz,0.19%,New
6,homedepot.com.mx,0.18%,"Mexico
"
6,metakereso.com,0.18%,"Hungary
"
11,mitula.pt,0.17%,"Portugal
"
57,duckduckgo.com,0.17%,"Bulgaria
,Canada
,Chile
,China
,Taiwan
,Colombia
,Croatia
,Czech,Denmark
,Finland
,France
,Germany
,Greece
,Argentina
,Hong,Hungary
,India
,Australia
,Indonesia
,Iraq
,Ireland
,Israel
,Italy
,Japan
,Austria
,Kuwait
,Malaysia
,Mexico
,Morocco
,Netherlands
,New,Belgium
,Norway
,Pakistan
,Peru
,Philippines
,Poland
,Portugal
,Qatar
,Romania
,Russia
,Saudi,Serbia
,Singapore
,Slovakia
,Vietnam
,South,Spain
,Sweden
,Switzerland
,Brazil
,Thailand
,United,Turkey
,Ukraine
,Egypt
,United,United,Venezuela
,WorldWide
"
58,so.com,0.17%,"Canada
,China
,Taiwan
,Hong,Australia
,Japan
,Malaysia
,New,Singapore
,WorldWide
"
10,google.cat,0.17%,"Spain
"
59,google.by,0.16%,"China
,Czech,Netherlands
,Poland
,Russia
,Sweden
,Turkey
,Ukraine
,WorldWide
"
60,google.no,0.16%,"Croatia
,Denmark
,Finland
,Greece
,Hungary
,Ireland
,Netherlands
,Norway
,Peru
,Poland
,Qatar
,Slovakia
,Spain
,Sweden
,United,WorldWide
"
17,qihoo.com,0.16%,"China
"
61,google.dz,0.16%,"France
,Morocco
,Netherlands
,Belgium
,Serbia
,United,WorldWide
"
15,sweets-pages.com,0.16%,"Morocco
"
9,yahoo.com.tw,0.16%,"Taiwan
"
62,google.rs,0.15%,"Bulgaria
,Croatia
,Czech,Denmark
,Germany
,Greece
,Hungary
,Italy
,Austria
,Norway
,Serbia
,Slovakia
,Sweden
,Switzerland
,United,WorldWide
"
9,mitula.com.ar,0.15%,"Argentina
"
63,google.ie,0.15%,"Bulgaria
,Croatia
,Czech,Denmark
,Finland
,France
,Greece
,India
,Ireland
,Israel
,Austria
,Kuwait
,Netherlands
,Norway
,Poland
,Portugal
,Romania
,Slovakia
,Spain
,Sweden
,Switzerland
,United,United,United,WorldWide
"
64,google.dk,0.15%,"Denmark
,Finland
,Germany
,Ireland
,Italy
,Austria
,Netherlands
,Belgium
,Norway
,Poland
,Portugal
,Spain
,Sweden
,Switzerland
,Thailand
,United,WorldWide
"
12,smartbrosettings.net,0.14%,"Philippines
"
65,google.co.nz,0.14%,"Chile
,Hong,Australia
,Iraq
,New,Philippines
,Thailand
,WorldWide
"
66,myway.com,0.13%,"Bulgaria
,Canada
,Chile
,Taiwan
,Colombia
,Croatia
,Czech,Denmark
,Finland
,France
,Germany
,Greece
,Argentina
,Hong,Hungary
,India
,Australia
,Indonesia
,Iraq
,Ireland
,Israel
,Italy
,Japan
,Austria
,Kuwait
,Malaysia
,Mexico
,Morocco
,Netherlands
,New,Belgium
,Norway
,Pakistan
,Peru
,Philippines
,Poland
,Portugal
,Qatar
,Romania
,Saudi,Serbia
,Singapore
,Slovakia
,Vietnam
,South,Spain
,Sweden
,Switzerland
,Brazil
,Thailand
,United,Turkey
,Egypt
,United,United,Venezuela
,WorldWide
"
15,purehelp.no,0.13%,"Norway
"
8,forumprawne.org,0.13%,"Poland
"
9,searchlock.com,0.13%,"Canada
,New,Qatar
,United,United"
67,google.lt,0.12%,"Denmark
,Finland
,Germany
,Ireland
,Netherlands
,Belgium
,Norway
,Poland
,Portugal
,Spain
,Sweden
,Switzerland
,United,WorldWide
"
68,google.hr,0.12%,"Bulgaria
,Croatia
,Czech,Denmark
,Germany
,Hungary
,Ireland
,Austria
,Kuwait
,Norway
,Qatar
,Serbia
,Slovakia
,Sweden
,Switzerland
,United,WorldWide
"
19,kvasir.no,0.12%,"Norway
"
11,game4v.com,0.12%,"Vietnam
"
17,eircode.ie,0.12%,"Ireland
"
15,linkzb.net,0.12%,"Iraq
,Morocco
,Pakistan
,Peru
,Philippines
,Saudi,Vietnam
,South,Thailand
,Ukraine
,Egypt
"
12,zapmeta.cz,0.11%,Czech
69,sogou.com,0.11%,"Canada
,China
,Taiwan
,Hong,Australia
,Japan
,Malaysia
,Netherlands
,New,Singapore
,Vietnam
,United,WorldWide
"
25,vinden.nl,0.11%,"Netherlands
"
19,inbxx.com,0.10%,"Kuwait
,Qatar
,Saudi,United"
11,toxicwap.com,0.10%,South
70,google.cn,0.10%,"Canada
,China
,Taiwan
,Finland
,France
,Germany
,Hong,Australia
,Ireland
,Italy
,Japan
,Kuwait
,Malaysia
,Netherlands
,New,Norway
,Philippines
,Qatar
,Singapore
,Vietnam
,Spain
,Sweden
,Switzerland
,Thailand
,United,United,WorldWide
"
71,coccoc.com,0.10%,"Australia
,Japan
,Slovakia
,Vietnam
,WorldWide
"
72,startpage.com,0.10%,"Bulgaria
,Canada
,Chile
,Colombia
,Croatia
,Czech,Denmark
,Finland
,France
,Germany
,Greece
,Argentina
,Hong,Hungary
,India
,Australia
,Iraq
,Ireland
,Israel
,Italy
,Japan
,Austria
,Malaysia
,Mexico
,Morocco
,Netherlands
,New,Belgium
,Norway
,Pakistan
,Peru
,Philippines
,Poland
,Portugal
,Romania
,Serbia
,Singapore
,Slovakia
,South,Spain
,Sweden
,Switzerland
,Brazil
,Thailand
,United,Turkey
,Ukraine
,Egypt
,United,United,WorldWide
"
11,truelocal.com.au,0.10%,"Australia
"
10,zapmeta.com.pl,0.10%,"Poland
"
15,zapmeta.pt,0.10%,"Portugal
"
12,zapmeta.co.za,0.10%,South
73,google.com.my,0.10%,"Taiwan
,Czech,Hong,India
,Australia
,Indonesia
,Iraq
,Malaysia
,New,Qatar
,Saudi,Singapore
,Thailand
,Egypt
,United,WorldWide
"
20,qixing123.com,0.09%,"China
"
11,nedir.com,0.09%,"Turkey
"
9,tvn.hu,0.09%,"Hungary
"
8,syoboi.jp,0.09%,"Japan
"
13,meta.bg,0.09%,"Bulgaria
"
16,metacautare.ro,0.09%,"Romania
"
12,infodora.com,0.09%,"Croatia
"
11,yahoo-help.jp,0.08%,"Japan
"
74,google.kz,0.08%,"Czech,Netherlands
,Russia
,Ukraine
,WorldWide
"
11,mitula.it,0.08%,"Italy
"
13,findwide.com,0.08%,"Bulgaria
,Chile
,Colombia
,Croatia
,Greece
,Argentina
,Hong,Hungary
,India
,Indonesia
,Iraq
,Israel
,Kuwait
,Malaysia
,Mexico
,Morocco
,Pakistan
,Peru
,Philippines
,Portugal
,Qatar
,Romania
,Saudi,Serbia
,Vietnam
,South,Thailand
,Turkey
,Egypt
,Venezuela
"
22,cari.com.my,0.08%,"Taiwan
,Hong,Malaysia
,Singapore
"
11,aranyoldalak.hu,0.08%,"Hungary
"
19,mitula.pk,0.08%,"Pakistan
"
75,google.com.uy,0.08%,"Chile
,Argentina
,WorldWide
"
14,mysearch.com,0.07%,"Bulgaria
,Chile
,Colombia
,Croatia
,Argentina
,Hungary
,India
,Indonesia
,Iraq
,Israel
,Malaysia
,Morocco
,New,Pakistan
,Peru
,Philippines
,Portugal
,Qatar
,Romania
,Saudi,Serbia
,Vietnam
,Spain
,Brazil
,Thailand
,United,Turkey
,Ukraine
,Egypt
,United,Venezuela
"
11,trovit.com,0.07%,"Germany
,Australia
,Austria
,Russia
,Thailand
,Ukraine
"
76,google.fi,0.07%,"Bulgaria
,Czech,Denmark
,Finland
,Germany
,Ireland
,Netherlands
,Norway
,Poland
,Portugal
,Singapore
,Slovakia
,South,Spain
,Sweden
,Switzerland
,Thailand
,United,United,WorldWide
"
77,google.com.do,0.07%,"Colombia
,Argentina
,Venezuela
,WorldWide
"
24,135editor.com,0.07%,"China
"
12,ya.ru,0.07%,"Bulgaria
,Czech,Finland
,Israel
,Netherlands
,Russia
,Slovakia
,Ukraine
"
24,trovit.ie,0.07%,"Ireland
"
23,vinden.be,0.07%,"Belgium
"
78,soku.com,0.07%,"Canada
,China
,Taiwan
,Hong,Australia
,Japan
,Malaysia
,New,Singapore
,Vietnam
,Thailand
,United,WorldWide
"
79,google.com.gt,0.07%,"Mexico
,Venezuela
,WorldWide
"
17,plusnetwork.com,0.07%,"Chile
,Colombia
,Greece
,Argentina
,Hungary
,Indonesia
,Iraq
,Israel
,Kuwait
,Mexico
,Morocco
,Pakistan
,Peru
,Philippines
,Poland
,Portugal
,Romania
,Saudi,Slovakia
,Sweden
,Brazil
,Thailand
,United,Turkey
,Egypt
,Venezuela
"
80,google.si,0.07%,"Croatia
,Austria
,Serbia
,Switzerland
,WorldWide
"
81,google.iq,0.07%,"Finland
,Iraq
,Kuwait
,Malaysia
,Qatar
,Sweden
,United,Turkey
,Egypt
,United,WorldWide
"
82,google.az,0.07%,"Turkey
,WorldWide
"
83,google.lk,0.07%,"Australia
,Kuwait
,New,Qatar
,Saudi,Singapore
,United,WorldWide
"
13,zapmeta.pe,0.06%,"Peru
"
14,pakutaso.com,0.06%,"Japan
"
84,google.lv,0.06%,"Denmark
,Finland
,Ireland
,Netherlands
,Belgium
,Norway
,Sweden
,United,WorldWide
"
14,coolsite.co.il,0.06%,"Israel
"
26,yidianzixun.com,0.06%,"China
"
28,zeze.com,0.06%,"China
"
18,atajitos.com,0.06%,"Chile
,Colombia
,Argentina
,Mexico
,Peru
,Brazil
,Venezuela
"
17,anasayfa.im,0.06%,"Turkey
"
21,rapidfinder.co.za,0.06%,South
26,kfcdelivery.com.my,0.06%,"Malaysia
"
25,sultan-bahoo.com,0.06%,"Pakistan
"
15,hasznaltat.hu,0.06%,"Hungary
"
35,bidtrk.com,0.06%,"Colombia
,Croatia
,India
,Romania
,Brazil
,United"
18,znoo.net,0.06%,"Turkey
"
13,eway.in.ua,0.06%,"Ukraine
"
85,google.ge,0.06%,"Russia
,Turkey
,WorldWide
"
14,iconnect.co.in,0.06%,"India
"
31,chromecj.com,0.06%,"China
"
26,autoelev.ro,0.06%,"Romania
"
86,google.ba,0.06%,"Croatia
,Austria
,Serbia
,WorldWide
"
32,10240.ml,0.05%,"China
"
35,kadaza.nl,0.05%,"Netherlands
"
28,ppt.ro,0.05%,"Romania
"
31,startsida.no,0.05%,"Norway
"
19,search.us.com,0.05%,"Bulgaria
,Chile
,Colombia
,Croatia
,Czech,Greece
,Argentina
,Hong,Hungary
,India
,Indonesia
,Iraq
,Ireland
,Israel
,Kuwait
,Malaysia
,Mexico
,Morocco
,New,Belgium
,Pakistan
,Peru
,Philippines
,Portugal
,Qatar
,Romania
,Saudi,Serbia
,Singapore
,Slovakia
,Vietnam
,South,Sweden
,Switzerland
,Thailand
,United,Turkey
,Egypt
,Venezuela
"
15,searchdesk.com,0.05%,"Japan
"
20,delta-search.com,0.05%,"Bulgaria
,Chile
,Taiwan
,Colombia
,Croatia
,Czech,France
,Greece
,Argentina
,Hong,Hungary
,India
,Indonesia
,Ireland
,Italy
,Japan
,Kuwait
,Malaysia
,Mexico
,Morocco
,New,Belgium
,Pakistan
,Peru
,Philippines
,Poland
,Portugal
,Qatar
,Romania
,Saudi,Serbia
,Singapore
,Slovakia
,Vietnam
,South,Spain
,Switzerland
,Brazil
,Thailand
,United,Turkey
,United,Venezuela
"
22,snupit.co.za,0.05%,South
26,qariya.info,0.05%,"Iraq
,Morocco
,Saudi,Egypt
"
39,members.home.nl,0.05%,"Netherlands
"
87,inspsearch.com,0.05%,"Bulgaria
,Chile
,Taiwan
,Colombia
,Croatia
,Czech,Denmark
,Finland
,France
,Germany
,Greece
,Argentina
,Hong,Hungary
,India
,Australia
,Indonesia
,Iraq
,Ireland
,Italy
,Austria
,Kuwait
,Malaysia
,Mexico
,Morocco
,Netherlands
,New,Belgium
,Norway
,Pakistan
,Peru
,Philippines
,Poland
,Portugal
,Qatar
,Romania
,Russia
,Saudi,Serbia
,Singapore
,Slovakia
,Vietnam
,South,Spain
,Sweden
,Switzerland
,Brazil
,Thailand
,United,Turkey
,Ukraine
,Egypt
,Venezuela
,WorldWide
"
37,halasat.net,0.05%,"Iraq
"
28,linker.ch,0.05%,"Switzerland
"
88,google.tn,0.05%,"Canada
,France
,Morocco
,Qatar
,WorldWide
"
42,ixquick.nl,0.05%,"Netherlands
"
32,leta.se,0.05%,"Sweden
"
22,zapmeta.com.co,0.05%,"Colombia
"
18,indiankanoon.org,0.05%,"India
"
40,mitula.ae,0.05%,United
21,pega2.com,0.05%,"Venezuela
"
89,google.ee,0.05%,"Denmark
,Finland
,Ireland
,Norway
,Sweden
,WorldWide
"
22,default-search.net,0.05%,"Bulgaria
,Chile
,Colombia
,Croatia
,Czech,Greece
,Argentina
,Hong,Hungary
,India
,Indonesia
,Iraq
,Israel
,Italy
,Austria
,Kuwait
,Malaysia
,Mexico
,Morocco
,New,Belgium
,Pakistan
,Peru
,Philippines
,Poland
,Portugal
,Qatar
,Romania
,Saudi,Serbia
,Singapore
,Slovakia
,Vietnam
,South,Spain
,Switzerland
,Thailand
,United,Egypt
,Venezuela
"
42,justdial.com,0.05%,"India
,Kuwait
,Qatar
,Saudi,United"
90,stumbleupon.com,0.05%,"Bulgaria
,Canada
,Chile
,Colombia
,Croatia
,Czech,Denmark
,Finland
,France
,Germany
,Greece
,Argentina
,Hong,Hungary
,India
,Australia
,Indonesia
,Ireland
,Israel
,Italy
,Austria
,Kuwait
,Malaysia
,Mexico
,Morocco
,Netherlands
,New,Belgium
,Norway
,Pakistan
,Peru
,Philippines
,Poland
,Portugal
,Qatar
,Romania
,Saudi,Serbia
,Singapore
,Slovakia
,Vietnam
,South,Spain
,Sweden
,Switzerland
,Brazil
,Thailand
,United,Turkey
,Ukraine
,Egypt
,United,United,Venezuela
,WorldWide
"
23,torrent-oyunindir.com,0.05%,"Turkey
"
14,yandex.net,0.05%,"Finland
,Peru
,Russia
,Turkey
,Ukraine
"
36,zapmeta.se,0.05%,"Sweden
"
23,zapmeta.mx,0.04%,"Chile
,Colombia
,Argentina
,Mexico
,Peru
,Venezuela
"
18,twinavi.jp,0.04%,"Japan
"
30,ts3a.com,0.04%,"Iraq
,Kuwait
,Morocco
,Saudi,Egypt
"
29,izito.at,0.04%,"Austria
"
91,google.com.bo,0.04%,"Argentina
,Peru
,Brazil
,WorldWide
"
27,avtogari.info,0.04%,"Bulgaria
"
92,rockettab.com,0.04%,"Bulgaria
,Chile
,Taiwan
,Colombia
,Croatia
,Czech,France
,Argentina
,Hong,Hungary
,India
,Indonesia
,Ireland
,Israel
,Italy
,Austria
,Kuwait
,Malaysia
,Mexico
,Morocco
,New,Belgium
,Pakistan
,Peru
,Philippines
,Portugal
,Qatar
,Romania
,Saudi,Serbia
,Singapore
,Slovakia
,Vietnam
,South,Spain
,Switzerland
,Brazil
,Thailand
,United,Turkey
,Egypt
,United,Venezuela
,WorldWide
"
21,driven.co.nz,0.04%,New
23,ibrainer.net,0.04%,"Greece
,Slovakia
"
29,ahu.go.id,0.04%,"Indonesia
"
93,google.com.sv,0.04%,"WorldWide
"
18,zapmeta.com.br,0.04%,"Brazil
"
20,zapmeta.co.in,0.04%,"India
"
94,google.com.af,0.04%,"Morocco
,Pakistan
,WorldWide
"
95,google.jo,0.04%,"France
,Iraq
,Qatar
,Saudi,United,Egypt
,WorldWide
"
20,yediot.co.il,0.04%,"Israel
"
96,seesaa.net,0.04%,"Taiwan
,Hong,Australia
,Japan
,Malaysia
,New,Singapore
,Thailand
,WorldWide
"
97,youdao.com,0.04%,"Canada
,China
,Taiwan
,Hong,Australia
,Japan
,Malaysia
,Netherlands
,New,Singapore
,United,United,WorldWide
"
19,sleipnirstart.com,0.04%,"Japan
"
98,google.com.ng,0.04%,"South,WorldWide
"
99,govome.com,0.04%,"Bulgaria
,Chile
,Taiwan
,Colombia
,Croatia
,Czech,Denmark
,France
,Greece
,Argentina
,Hong,Hungary
,India
,Indonesia
,Iraq
,Ireland
,Italy
,Austria
,Kuwait
,Malaysia
,Mexico
,Morocco
,Netherlands
,New,Belgium
,Norway
,Pakistan
,Peru
,Philippines
,Poland
,Portugal
,Qatar
,Romania
,Russia
,Saudi,Serbia
,Singapore
,Slovakia
,Vietnam
,South,Spain
,Sweden
,Switzerland
,Brazil
,Thailand
,United,Turkey
,Ukraine
,Egypt
,Venezuela
,WorldWide
"
29,trivago.com.tr,0.04%,"Turkey
"
25,torcho.com,0.04%,"Bulgaria
,Chile
,Colombia
,Croatia
,Czech,France
,Greece
,Argentina
,Hungary
,India
,Indonesia
,Iraq
,Israel
,Italy
,Austria
,Kuwait
,Malaysia
,Mexico
,Morocco
,Belgium
,Pakistan
,Peru
,Philippines
,Poland
,Portugal
,Romania
,Russia
,Saudi,Serbia
,Singapore
,Slovakia
,South,Spain
,Brazil
,United,Turkey
,Ukraine
,Egypt
,Venezuela
"
37,munchpunch.com,0.04%,"Philippines
"
21,harikonotora.net,0.04%,"Japan
"
26,mysearchresults.com,0.04%,"Bulgaria
,Chile
,Colombia
,Croatia
,Greece
,Argentina
,Hong,India
,Indonesia
,Iraq
,Israel
,Kuwait
,Malaysia
,Mexico
,Morocco
,Belgium
,Pakistan
,Peru
,Philippines
,Qatar
,Romania
,Saudi,Serbia
,Singapore
,Slovakia
,Vietnam
,Thailand
,United,Venezuela
"
41,qmotor.com,0.04%,"Qatar
"
40,gdrfa.ae,0.04%,"Kuwait
,Qatar
,Saudi"
23,pideo.net,0.04%,"Japan
"
22,metasearch.co.il,0.04%,"Israel
"
32,suchen.co.at,0.04%,"Austria
"
23,symbaloo.com,0.04%,"Canada
,Colombia
,Denmark
,France
,Germany
,Greece
,Argentina
,Australia
,Ireland
,Italy
,Austria
,Netherlands
,New,Belgium
,Peru
,Portugal
,Spain
,Sweden
,Switzerland
,Thailand
,Ukraine
,United,United"
33,search.gov.hk,0.04%,Hong
30,trovit.com.tr,0.04%,"Turkey
"
37,czvv.com,0.04%,"China
"
24,excite.com,0.04%,"Canada
,United"
49,sharedir.com,0.04%,"Croatia
,Kuwait
"
100,google.com.pr,0.04%,"WorldWide
"
22,findeer.com,0.04%,"Italy
"
33,downloadey.com,0.04%,"Iraq
,Kuwait
,Saudi,Egypt
"
20,123rede.com,0.04%,"Indonesia
,Brazil
"
15,amovies.org,0.04%,"Czech,Russia
,Ukraine
"
29,istartsurf.com,0.04%,"Bulgaria
,Chile
,Colombia
,Croatia
,Czech,Denmark
,Greece
,Argentina
,Hong,Hungary
,India
,Australia
,Indonesia
,Iraq
,Ireland
,Italy
,Kuwait
,Malaysia
,Mexico
,Morocco
,Netherlands
,New,Belgium
,Pakistan
,Peru
,Philippines
,Poland
,Portugal
,Qatar
,Romania
,Russia
,Saudi,Serbia
,Singapore
,Slovakia
,Vietnam
,South,Spain
,Sweden
,Brazil
,Thailand
,United,Turkey
,Egypt
,Venezuela
"
23,zapmeta.co.nz,0.04%,New
38,aibang.com,0.04%,"China
"
33,trovit.co.uk,0.03%,United
34,izito.de,0.03%,"Germany
"
22,zapmeta.fr,0.03%,"France
"
24,ceek.jp,0.03%,"Japan
"
25,tiktek.com,0.03%,"Israel
"
36,searchpile.com,0.03%,"Bulgaria
,Croatia
,Greece
,Hungary
,Iraq
,Kuwait
,Morocco
,Pakistan
,Poland
,Qatar
,Romania
,Saudi,Serbia
,Egypt
"
32,healthengine.com.au,0.03%,"Australia
"
24,chomikuj-wyszukiwarka.eu,0.03%,"Poland
"
36,zapmeta.com,0.03%,"Canada
,Finland
,Germany
,Argentina
,Australia
,Indonesia
,Ireland
,Italy
,Norway
,Spain
,Thailand
,Turkey
"
24,metasearch.gr,0.03%,"Greece
"
39,wen.lu,0.03%,"China
"
37,youzz.net,0.03%,"Portugal
"
39,siteget.net,0.03%,"Ireland
,Portugal
,United"
37,google.cd,0.03%,"Belgium
"
30,raftaar.in,0.03%,"India
"
30,beruby.com,0.03%,"Italy
,Portugal
,Spain
"
34,yahoo.com.au,0.03%,"Australia
"
37,jawabkom.com,0.03%,"Iraq
,Kuwait
,Morocco
,Qatar
,Saudi,United,Egypt
"
42,meny.dk,0.03%,"Denmark
"
30,webssearches.com,0.03%,"Bulgaria
,Chile
,Taiwan
,Colombia
,Croatia
,Czech,France
,Germany
,Greece
,Argentina
,Hong,Hungary
,India
,Australia
,Indonesia
,Iraq
,Israel
,Italy
,Austria
,Kuwait
,Malaysia
,Mexico
,Morocco
,Netherlands
,New,Belgium
,Norway
,Pakistan
,Peru
,Philippines
,Poland
,Portugal
,Qatar
,Romania
,Saudi,Serbia
,Singapore
,Slovakia
,Vietnam
,South,Spain
,Switzerland
,Brazil
,Thailand
,United,Turkey
,Ukraine
,Egypt
,Venezuela
"
24,ixquick.fr,0.03%,"France
"
42,extreamcs.com,0.03%,"Romania
"
32,google.com.ve,0.03%,"Venezuela
"
22,tixcraft.com,0.03%,"Taiwan
"
39,misrlinks.com,0.03%,"Kuwait
,Egypt
"
23,afmail.uol.com.br,0.03%,"Brazil
"
16,nigma.ru,0.03%,"Russia
,Ukraine
"
17,politrussia.com,0.03%,"Russia
,Slovakia
,Ukraine
"
33,iglobal.co,0.03%,"Chile
,Colombia
,Argentina
,Mexico
,Pakistan
,Venezuela
"
55,anype.com,0.03%,"Kuwait
"
27,raterhub.com,0.03%,"Taiwan
,Croatia
,Denmark
,France
,Ireland
,Israel
,Italy
,Japan
,Norway
,Russia
,Spain
,Brazil
,Egypt
,United,United"
28,goodsearch.com,0.03%,"Canada
,Hong,United"
35,wapka.cc,0.03%,"Indonesia
"
42,soopat.com,0.03%,"China
"
29,gohome.cz,0.03%,Czech
18,loopy.ru,0.03%,"Israel
,Russia
,Ukraine
"
35,yandex.com,0.03%,"Bulgaria
,Canada
,Chile
,China
,Taiwan
,Colombia
,Croatia
,Czech,Denmark
,Finland
,France
,Germany
,Greece
,Argentina
,Hong,Hungary
,India
,Australia
,Indonesia
,Iraq
,Ireland
,Israel
,Italy
,Japan
,Austria
,Kuwait
,Malaysia
,Mexico
,Morocco
,Netherlands
,New,Belgium
,Norway
,Pakistan
,Peru
,Philippines
,Poland
,Portugal
,Romania
,Russia
,Saudi,Serbia
,Singapore
,Slovakia
,Vietnam
,South,Spain
,Sweden
,Switzerland
,Brazil
,Thailand
,United,Turkey
,Ukraine
,Egypt
,United,United,Venezuela
"
36,v9.com,0.03%,"Bulgaria
,Chile
,Taiwan
,Colombia
,Croatia
,Czech,Finland
,France
,Germany
,Greece
,Argentina
,Hong,Hungary
,India
,Indonesia
,Iraq
,Ireland
,Israel
,Italy
,Austria
,Kuwait
,Malaysia
,Mexico
,Morocco
,New,Belgium
,Pakistan
,Peru
,Philippines
,Poland
,Portugal
,Qatar
,Romania
,Saudi,Serbia
,Singapore
,Slovakia
,Vietnam
,South,Spain
,Sweden
,Switzerland
,Brazil
,Thailand
,United,Turkey
,Egypt
,Venezuela
"
35,mitula.in,0.03%,"India
"
26,yoke918.com,0.03%,"Taiwan
"
28,441il.com,0.03%,"Israel
"
27,btsearch.pl,0.03%,"Poland
"
28,findsubtitles.org,0.03%,"Greece
"
28,sld.pe,0.03%,"Peru
"
23,mitula.ru,0.03%,"Russia
"
37,asklaila.com,0.03%,"India
"
42,re-markit.co,0.03%,"Canada
,Denmark
,Finland
,France
,Australia
,Italy
,Austria
,New,Belgium
,Norway
,Portugal
,Singapore
,Spain
,Sweden
,Switzerland
"
44,qixin.com,0.03%,"China
"
41,mitula.at,0.03%,"Austria
"
39,trovit.co.in,0.03%,"India
"
30,tantora.jp,0.03%,"Japan
"
45,ip.cn,0.03%,"China
"
37,buenosearch.com,0.03%,"Bulgaria
,Chile
,Colombia
,Croatia
,Czech,Argentina
,Hungary
,India
,Indonesia
,Italy
,Austria
,Kuwait
,Malaysia
,Mexico
,Morocco
,Pakistan
,Peru
,Philippines
,Qatar
,Romania
,Serbia
,Singapore
,Slovakia
,United,Venezuela
"
32,like2see.co.il,0.03%,"Israel
"
31,viral-community.com,0.03%,"Japan
"
32,findly.com,0.03%,New
38,yahoo.com.hk,0.03%,Hong
30,buscamas.pe,0.03%,"Peru
"
29,zapmeta.it,0.03%,"Italy
"
35,google.co.bw,0.03%,South
49,trovit.ro,0.02%,"Romania
"
43,etools.ch,0.02%,"Switzerland
"
46,2345.cn,0.02%,"China
"
41,yourlocal.ie,0.02%,"Ireland
"
44,pageadvisor.com,0.02%,"Singapore
"
38,mystart.com,0.02%,"Bulgaria
,Chile
,Colombia
,Croatia
,Czech,Denmark
,Greece
,Argentina
,Hungary
,India
,Indonesia
,Iraq
,Israel
,Malaysia
,Mexico
,Morocco
,Belgium
,Pakistan
,Peru
,Philippines
,Poland
,Portugal
,Qatar
,Romania
,Serbia
,Slovakia
,Vietnam
,Spain
,Brazil
,Thailand
,Egypt
,Venezuela
"
34,kbcsm.hr,0.02%,"Croatia
"
52,malaysiamostwanted.com,0.02%,"Malaysia
"
40,hallar.co,0.02%,"Colombia
"
40,mystartsearch.com,0.02%,"Bulgaria
,Chile
,Taiwan
,Colombia
,Croatia
,Czech,Denmark
,Finland
,Germany
,Greece
,Argentina
,Hungary
,India
,Indonesia
,Iraq
,Israel
,Italy
,Kuwait
,Malaysia
,Mexico
,Morocco
,Netherlands
,New,Belgium
,Norway
,Pakistan
,Peru
,Philippines
,Poland
,Portugal
,Qatar
,Romania
,Russia
,Saudi,Serbia
,Singapore
,Slovakia
,Vietnam
,South,Spain
,Switzerland
,Brazil
,Thailand
,United,Turkey
,Ukraine
,Egypt
,Venezuela
"
34,tvnv.jp,0.02%,"Japan
"
27,theuniversedownload.com,0.02%,"Portugal
,Brazil
"
39,megosztom.net,0.02%,"Hungary
"
49,btba.com.cn,0.02%,"China
"
42,searchalgo.com,0.02%,"Bulgaria
,Chile
,Taiwan
,Colombia
,Croatia
,Czech,Denmark
,Greece
,Argentina
,Hong,Hungary
,India
,Indonesia
,Iraq
,Kuwait
,Malaysia
,Mexico
,Morocco
,Pakistan
,Peru
,Philippines
,Poland
,Portugal
,Qatar
,Romania
,Saudi,Serbia
,Singapore
,Slovakia
,Vietnam
,South,Brazil
,Thailand
,United,Turkey
,Egypt
,Venezuela
"
43,delta-homes.com,0.02%,"Bulgaria
,Chile
,Taiwan
,Colombia
,Croatia
,Czech,Denmark
,France
,Greece
,Argentina
,Hungary
,India
,Australia
,Indonesia
,Iraq
,Ireland
,Israel
,Italy
,Kuwait
,Malaysia
,Mexico
,Morocco
,New,Belgium
,Norway
,Pakistan
,Peru
,Philippines
,Poland
,Portugal
,Qatar
,Romania
,Russia
,Saudi,Serbia
,Singapore
,Slovakia
,Vietnam
,South,Spain
,Brazil
,Thailand
,United,Turkey
,Ukraine
,Egypt
,Venezuela
"
32,duballsod.com,0.02%,"Thailand
"
44,op.gg,0.02%,"Bulgaria
,Canada
,Chile
,China
,Taiwan
,Colombia
,Croatia
,Czech,Denmark
,Finland
,France
,Germany
,Greece
,Argentina
,Hong,Hungary
,Australia
,Iraq
,Ireland
,Israel
,Italy
,Japan
,Austria
,Kuwait
,Mexico
,Morocco
,Netherlands
,New,Belgium
,Norway
,Peru
,Poland
,Portugal
,Qatar
,Romania
,Russia
,Saudi,Serbia
,Slovakia
,Vietnam
,Spain
,Sweden
,Switzerland
,Brazil
,United,Turkey
,Ukraine
,Egypt
,United,United,Venezuela
"
44,download.safepcrepair.com,0.02%,"Bulgaria
,Morocco
,Pakistan
,Philippines
,Romania
,Vietnam
,Egypt
"
31,apowersoft.tw,0.02%,"Taiwan
"
34,goalad.com,0.02%,"Italy
"
45,blogdepelis.com,0.02%,"Chile
,Colombia
,Argentina
,Mexico
,Peru
,Venezuela
"
46,ecosia.org,0.02%,"Canada
,Chile
,Colombia
,Croatia
,Czech,Denmark
,Finland
,France
,Germany
,Greece
,Argentina
,Hungary
,Australia
,Ireland
,Italy
,Austria
,Mexico
,Netherlands
,New,Belgium
,Norway
,Peru
,Philippines
,Poland
,Portugal
,Romania
,South,Spain
,Sweden
,Switzerland
,Turkey
,United,United,Venezuela
"
35,grazia.it,0.02%,"Italy
"
51,google.lu,0.02%,"Ireland
,Belgium
"
48,searchandseek.com,0.02%,"Turkey
"
50,layui.com,0.02%,"China
"
23,all-service.com.ua,0.02%,"Ukraine
"
41,netex.co.il,0.02%,"Israel
"
47,searchnu.com,0.02%,"Bulgaria
,Chile
,Taiwan
,Colombia
,Croatia
,Czech,Denmark
,Greece
,Argentina
,Hong,Hungary
,India
,Australia
,Indonesia
,Iraq
,Ireland
,Israel
,Kuwait
,Malaysia
,Mexico
,Morocco
,New,Belgium
,Pakistan
,Peru
,Philippines
,Portugal
,Qatar
,Romania
,Saudi,Serbia
,Slovakia
,Vietnam
,South,Switzerland
,Thailand
,United,Egypt
,Venezuela
"
28,busca.uol.com.br,0.02%,"Brazil
"
42,mtl.com,0.02%,"Israel
"
43,bokepigo.com,0.02%,"Indonesia
"
48,infospace.com,0.02%,"Chile
,Colombia
,Argentina
,Indonesia
,Iraq
,Israel
,Kuwait
,Malaysia
,Mexico
,Morocco
,Belgium
,Pakistan
,Peru
,Philippines
,Qatar
,Saudi,Serbia
,Vietnam
,Thailand
,United,Egypt
,Venezuela
"
35,search.com,0.02%,"Canada
,Croatia
,Pakistan
,Peru
,Serbia
,United"
48,enic.pk,0.02%,"Pakistan
"
55,side2blogg.blogg.no,0.02%,"Norway
"
36,tineye.com,0.02%,"Bulgaria
,Canada
,Chile
,China
,Croatia
,Czech,Denmark
,Finland
,France
,Germany
,Greece
,Argentina
,Hong,Hungary
,Australia
,Ireland
,Israel
,Italy
,Japan
,Austria
,Kuwait
,Malaysia
,Mexico
,Morocco
,Netherlands
,New,Belgium
,Norway
,Poland
,Portugal
,Romania
,Russia
,Saudi,Serbia
,Singapore
,Slovakia
,South,Spain
,Sweden
,Switzerland
,Turkey
,Ukraine
,Egypt
,United,United"
31,expediafortd.com,0.02%,"Canada
"
49,kararara.com,0.02%,"Turkey
"
51,rabbitpre.com,0.02%,"China
"
49,complaintboard.in,0.02%,"India
"
42,rivakka.net,0.02%,"Finland
"
50,askme.com,0.02%,"India
"
66,google.com.bh,0.02%,"Kuwait
,Saudi,United"
42,munuc.hu,0.02%,"Hungary
"
30,szukacz.pl,0.02%,"Poland
"
51,airtelforum.com,0.02%,"India
"
37,ixquick-proxy.com,0.02%,"Canada
,Czech,Denmark
,Finland
,France
,Germany
,Australia
,Ireland
,Italy
,Austria
,Netherlands
,New,Belgium
,Norway
,Poland
,Romania
,Spain
,Sweden
,Switzerland
,United,United"
52,foxstart.com,0.02%,"Indonesia
,Iraq
,Pakistan
,Qatar
,Romania
,Serbia
,United"
56,io.no,0.02%,"Norway
"
37,appsupport.jp,0.02%,"Japan
"
63,iraqld.iq,0.02%,"Iraq
"
41,bursaries-southafrica.co.za,0.02%,South
39,five.vn,0.02%,"Vietnam
"
42,zapmeta.es,0.02%,"Spain
"
49,googlevideo.com,0.02%,"Bulgaria
,Canada
,Chile
,China
,Taiwan
,Colombia
,Croatia
,Czech,Denmark
,Finland
,France
,Germany
,Greece
,Argentina
,Hong,Hungary
,India
,Australia
,Indonesia
,Iraq
,Ireland
,Israel
,Italy
,Japan
,Austria
,Kuwait
,Malaysia
,Mexico
,Morocco
,Netherlands
,New,Belgium
,Norway
,Pakistan
,Peru
,Philippines
,Poland
,Portugal
,Qatar
,Romania
,Russia
,Saudi,Serbia
,Singapore
,Slovakia
,Vietnam
,South,Spain
,Sweden
,Switzerland
,Brazil
,Thailand
,United,Turkey
,Ukraine
,Egypt
,United,United,Venezuela
"
44,guiamexico.com.mx,0.02%,"Mexico
"
51,moviemp4.info,0.02%,"Pakistan
"
53,360tpcdn.com,0.02%,"China
"
40,newxads.com,0.02%,"Pakistan
,Peru
"
53,shouldianswer.co.uk,0.02%,United
37,saucenao.com,0.02%,"China
,Taiwan
"
46,tv2go.co.il,0.02%,"Israel
"
46,google.com.pg,0.02%,"India
,Pakistan
,Qatar
,South,Egypt
"
50,mywebsearch.com,0.02%,"Bulgaria
,Chile
,Colombia
,Croatia
,Greece
,Argentina
,India
,Indonesia
,Iraq
,Israel
,Kuwait
,Malaysia
,Mexico
,Morocco
,Belgium
,Philippines
,Qatar
,Romania
,Saudi,Serbia
,Slovakia
,South,Brazil
,Venezuela
"
73,mawared.qa,0.02%,"Qatar
"
58,google.cg,0.02%,"Belgium
"
40,superpages.com,0.02%,United
59,avantio.com,0.02%,"Belgium
"
41,dogpile.com,0.02%,"Canada
,Greece
,India
,Australia
,Indonesia
,Iraq
,Israel
,Malaysia
,Morocco
,New,Philippines
,Qatar
,Saudi,Slovakia
,Switzerland
,United,Egypt
,United,United"
52,danybon.com,0.02%,"Bulgaria
"
55,yizhansou.com,0.02%,"China
"
42,local.yahoo.com,0.02%,"United,United"
46,speed-find.com,0.02%,"Mexico
"
53,izito.com,0.02%,"Finland
,Indonesia
,Thailand
,Turkey
"
43,wow.com,0.02%,"Bulgaria
,Croatia
,Germany
,Australia
,Iraq
,Kuwait
,Malaysia
,Morocco
,Pakistan
,Peru
,Philippines
,Portugal
,Qatar
,Romania
,Saudi,Serbia
,Slovakia
,Vietnam
,South,United,Turkey
,Egypt
,United"
44,panokaverit.com,0.02%,"Finland
"
35,torrentrapido.com,0.02%,"Brazil
"
43,searchsa.co.za,0.02%,South
61,webdex.ro,0.02%,"Romania
"
47,ligabancomer.mx,0.02%,"Mexico
"
58,banknorwegian.dk,0.02%,"Denmark
"
44,easy-fin.co.za,0.02%,South
67,rss2search.com,0.02%,"Kuwait
,Saudi"
73,mitula.nl,0.02%,"Netherlands
"
49,klimg.com,0.02%,"Indonesia
"
53,kadaza.de,0.02%,"Germany
"
54,yatoto.bg,0.02%,"Bulgaria
"
54,pami.ar,0.02%,"Argentina
"
55,stbbg.com,0.02%,"Bulgaria
"
77,wenqatar.com,0.02%,"Qatar
"
45,blackle.com,0.02%,"Greece
"
76,huren.nl,0.02%,"Netherlands
"
46,raovat.vn,0.02%,"Vietnam
"
70,metarab.com,0.02%,Saudi
57,grotal.com,0.02%,"India
"
35,rencontreavenue.com,0.02%,"France
"
57,google.com.cn,0.02%,"China
"
50,best24.co.il,0.02%,"Israel
"
63,mapillary.com,0.02%,"Norway
"
71,lbp-vpn.com,0.02%,"Philippines
"
44,searchtempest.com,0.02%,United
65,startpagina.nl,0.02%,"Netherlands
,Belgium
"
52,historiaybiografias.com,0.02%,"Chile
,Colombia
,Argentina
,Mexico
,Peru
,Spain
,Venezuela
"
62,agdadrift.se,0.02%,"Sweden
"
39,brapid.sk,0.02%,"Slovakia
"
36,google.gp,0.02%,"France
"
60,xizhi.com,0.02%,"China
"
37,stuccu.ca,0.02%,"Canada
"
56,metager.de,0.02%,"Germany
,Austria
,Switzerland
"
77,url.com,0.02%,"Kuwait
,Qatar
,Saudi,United"
49,info.com,0.02%,"Canada
,Morocco
,South"
57,ixquick.de,0.02%,"Germany
,Austria
,Netherlands
,Switzerland
"
64,impersonal.me,0.02%,"Denmark
"
53,leme.pt,0.02%,"Portugal
"
55,piratebayproxy.co,0.02%,"Pakistan
"
49,kiemtiencenter.com,0.02%,"Vietnam
"
55,google.tl,0.02%,"Singapore
"
42,anonymonkey.com,0.02%,"Taiwan
"
56,torrentkitty.me,0.02%,"China
,Hong,Singapore
"
68,invitatiicreative.com,0.02%,"Romania
"
50,hunglish.hu,0.02%,"Hungary
"
35,zgierz.pl,0.02%,"Poland
"
39,planetabrasileiro.com,0.02%,"Brazil
"
51,vigil.co.za,0.01%,South
40,listamais.com.br,0.01%,"Brazil
"
52,wootly.ch,0.01%,"Philippines
,South"
41,habb.com.br,0.01%,"Brazil
"
82,startsear.info,0.01%,"Qatar
"
53,stovet.rs,0.01%,"Serbia
"
65,ball68.com,0.01%,"Malaysia
"
55,google.com.na,0.01%,South
51,gotivi.com,0.01%,"Vietnam
"
64,youboy.com,0.01%,"China
"
56,lainyan.co.il,0.01%,"Israel
"
49,hallar.es,0.01%,"Spain
"
58,film.myway.com,0.01%,South
58,themoviedb.org,0.01%,"Canada
,Croatia
,Czech,Denmark
,Finland
,France
,Germany
,Greece
,Hungary
,Australia
,Austria
,Belgium
,Norway
,Pakistan
,Portugal
,Sweden
,Switzerland
"
54,ficarcomigo.com.br,0.01%,"Colombia
"
65,hdslb.com,0.01%,"China
"
53,torrentz.com,0.01%,"Bulgaria
,Canada
,Chile
,Taiwan
,Colombia
,Croatia
,Czech,Denmark
,Finland
,France
,Greece
,Argentina
,Hong,Hungary
,India
,Australia
,Indonesia
,Iraq
,Ireland
,Israel
,Italy
,Austria
,Kuwait
,Malaysia
,Mexico
,Morocco
,Netherlands
,New,Belgium
,Norway
,Pakistan
,Peru
,Philippines
,Poland
,Portugal
,Qatar
,Romania
,Serbia
,Singapore
,Slovakia
,Vietnam
,South,Spain
,Sweden
,Switzerland
,Brazil
,Thailand
,United,Turkey
,Egypt
,United,United,Venezuela
"
27,tech.yandex.ru,0.01%,"Russia
,Ukraine
"
59,blinde-kuh.de,0.01%,"Germany
"
57,google.me,0.01%,"Serbia
"
53,taifile.net,0.01%,"Vietnam
"
66,yunpian.com,0.01%,"China
"
84,zoeken.nl,0.01%,"Netherlands
"
63,fuckbuk.net,0.01%,"Bulgaria
"
49,binsearch.info,0.01%,"Canada
,Denmark
,Finland
,France
,Germany
,Australia
,Austria
,Netherlands
,New,Belgium
,Norway
,South,Sweden
,Switzerland
,United,United"
48,tplaboratorioquimico.com,0.01%,"Colombia
,Peru
"
79,download.howtosimplified.com,0.01%,"Iraq
"
62,setn.com,0.01%,"Canada
,China
,Taiwan
,Hong,Malaysia
,Singapore
"
74,google.com.qa,0.01%,"Qatar
,Saudi"
64,crazy-kids.bg,0.01%,"Bulgaria
"
54,globered.com,0.01%,"Colombia
,Peru
,Venezuela
"
56,pricesearcher.com,0.01%,"Ireland
"
55,scuolaholden-studenti.appspot.com,0.01%,"Italy
"
54,minhngoc.net,0.01%,"Vietnam
"
63,startfenster.de,0.01%,"Germany
,Austria
,Switzerland
"
68,pdfzj.com,0.01%,"China
"
59,easylife.tw,0.01%,"Taiwan
,Hong"
48,724685.com,0.01%,"Japan
"
36,starterek.pl,0.01%,"Poland
"
63,webwiki.de,0.01%,"Germany
"
59,hallar.com.mx,0.01%,"Mexico
"
55,thanhlau.xxx,0.01%,"Vietnam
"
62,addmecontacts.com,0.01%,"Iraq
,Pakistan
"
58,ideaspanel.ie,0.01%,"Ireland
"
56,phimhoathinh.biz,0.01%,"Vietnam
"
77,curiua.com,0.01%,Saudi
64,torrentz.in,0.01%,"Denmark
,India
,Pakistan
,Portugal
,Qatar
,Saudi,Slovakia
,United,Turkey
"
66,google.com.lb,0.01%,"Iraq
,Saudi,Turkey
"
69,madridista.no,0.01%,"Norway
"
72,google.com.bd,0.01%,"Finland
,Malaysia
"
62,1kxun.mobi,0.01%,"Taiwan
,Hong"
86,nzbsearch.net,0.01%,"Netherlands
"
45,rapidfinder.ca,0.01%,"Canada
"
64,fastbot.de,0.01%,"Germany
"
63,najdi.si,0.01%,"Croatia
,Serbia
"
55,stuccu.com,0.01%,"Croatia
,Israel
,Singapore
,United"
29,findface.ru,0.01%,"Russia
,Sweden
,Ukraine
"
38,pliki.pw,0.01%,"Poland
"
74,registrulelectoral.ro,0.01%,"Romania
"
55,searchstage.com,0.01%,"Chile
,Colombia
,Mexico
,Brazil
,Venezuela
"
70,pincode.net.in,0.01%,"India
"
49,kaisyanavi.jp,0.01%,"Japan
"
84,iwantv.com,0.01%,"Philippines
"
56,incredibar-search.com,0.01%,"Chile
,Taiwan
,Colombia
,Argentina
,India
,Indonesia
,Italy
,Malaysia
,Mexico
,Belgium
,Philippines
,Brazil
,Thailand
,Venezuela
"
72,loopiasecure.com,0.01%,"Sweden
"
88,google.com.tn,0.01%,"Qatar
"
60,filmxvideos.com,0.01%,"Egypt
"
59,autoprocloud.com,0.01%,"Chile
"
90,shinysearch.com,0.01%,"Qatar
"
70,gmcc.net,0.01%,"China
"
92,searchshock.com,0.01%,"Croatia
,Kuwait
,Qatar
"
73,strogosekretno.com,0.01%,"Bulgaria
"
57,search-results.com,0.01%,"Chile
,Colombia
,Croatia
,Argentina
,Indonesia
,Kuwait
,Malaysia
,Mexico
,Morocco
,Peru
,Philippines
,Saudi,Serbia
,Vietnam
,Brazil
,Thailand
,Venezuela
"
59,splunk.com,0.01%,"Finland
,New,Singapore
,Switzerland
,United"
60,lycos.com,0.01%,"Canada
,Finland
,Greece
,New,Philippines
,Sweden
,United,United"
60,google.co.cr,0.01%,"Colombia
"
75,chainor.com,0.01%,"Norway
"
61,trollthethao.com,0.01%,"Vietnam
"
93,blessle.com,0.01%,"Qatar
"
58,server.pro,0.01%,"Bulgaria
,Canada
,Chile
,Colombia
,Croatia
,Czech,Greece
,Argentina
,Hungary
,Iraq
,Israel
,Italy
,Mexico
,Netherlands
,Norway
,Peru
,Poland
,Portugal
,Romania
,Russia
,Saudi,Serbia
,Slovakia
,Spain
,Sweden
,Brazil
,Thailand
,Turkey
,Ukraine
,Venezuela
"
68,am-medicine.com,0.01%,South
72,csres.com,0.01%,"China
"
73,clists.nic.in,0.01%,"India
"
46,distanciacidades.com,0.01%,"Portugal
,Brazil
"
73,zhixue.com,0.01%,"China
"
83,searchassist.net,0.01%,"Iraq
"
50,koto-lib.tokyo.jp,0.01%,"Japan
"
73,tokbys.com,0.01%,"Turkey
"
74,37.com,0.01%,"China
,Indonesia
,Philippines
,Turkey
"
50,cfo.in.th,0.01%,"Thailand
"
89,mp3clan.net,0.01%,"Kuwait
"
59,ytmonster.net,0.01%,"Denmark
,Malaysia
,Morocco
,Poland
,Portugal
,Russia
,Vietnam
,Ukraine
,United,Venezuela
"
60,incredibar.com,0.01%,"Bulgaria
,Chile
,Colombia
,Greece
,Argentina
,Hungary
,India
,Indonesia
,Ireland
,Israel
,Italy
,Kuwait
,Malaysia
,Mexico
,Morocco
,Belgium
,Pakistan
,Philippines
,Poland
,Portugal
,Qatar
,Saudi,Serbia
,Slovakia
,South,Spain
,Brazil
,Thailand
,United,Venezuela
"
66,cliponyu.com,0.01%,"Indonesia
,Singapore
"
89,arabo.com,0.01%,United
30,pedpresa.com.ua,0.01%,"Ukraine
"
70,google.co.mz,0.01%,South
48,spskn.sk,0.01%,"Slovakia
"
45,ysf.pl,0.01%,"Poland
"
65,uku.im,0.01%,"Taiwan
,Hong"
50,oilwarehouse.com.tw,0.01%,"Taiwan
"
52,av-fb.com,0.01%,"Taiwan
"
90,inside.ae,0.01%,United
61,magiccards.info,0.01%,"Canada
,Chile
,Taiwan
,Czech,Finland
,Germany
,Australia
,Italy
,Japan
,Austria
,New,Spain
,Switzerland
,Brazil
,United"
61,teoma.com,0.01%,"Argentina
,Mexico
,Peru
,Brazil
,Venezuela
"
75,google.ps,0.01%,"Israel
,Turkey
"
47,achecep.com.br,0.01%,"Brazil
"
76,eu.dk,0.01%,"Denmark
"
91,thesmartsearch.net,0.01%,"Chile
,Denmark
,Kuwait
,South,Switzerland
,United"
55,utools.gr,0.01%,"Greece
"
31,ykt.ru,0.01%,"Russia
,Ukraine
"
52,seo-searchrank.com,0.01%,"Japan
"
67,mbalib.com,0.01%,"China
,Taiwan
,Hong,Australia
,New,Singapore
"
63,webcrawler.com,0.01%,"Bulgaria
,Canada
,Croatia
,Greece
,Hungary
,India
,Indonesia
,Iraq
,Israel
,Kuwait
,Malaysia
,Mexico
,Morocco
,New,Pakistan
,Philippines
,Qatar
,Saudi,Serbia
,Singapore
,Slovakia
,Vietnam
,South,Thailand
,United,Egypt
,United"
92,nusalist.com,0.01%,United
63,fabulous-discounts.com,0.01%,"Colombia
"
77,sorgulama.net,0.01%,"Turkey
"
53,kizimi.com,0.01%,"Thailand
"
64,bmgf-mic.vn,0.01%,"Vietnam
"
77,11315.com,0.01%,"China
"
93,thinkwithgoogle.com,0.01%,"Hong,Australia
,Ireland
,Singapore
,South,United"
94,www-search.net,0.01%,"Philippines
,Qatar
,South,United"
77,tesearch.com,0.01%,"Bulgaria
"
96,dahuaddns.com,0.01%,United
78,cec.eu.int,0.01%,"Belgium
"
50,searchfunmoods.com,0.01%,"Malaysia
,Pakistan
,Peru
,Portugal
,Brazil
"
91,startnow.com,0.01%,"Kuwait
"
83,sd.se,0.01%,"Sweden
"
67,elyzium.info,0.01%,"Hungary
"
57,fsolver.es,0.01%,"Peru
"
69,fireball.de,0.01%,"Germany
"
62,linkzb.com,0.01%,"Egypt
"
74,swissguide.ch,0.01%,"Switzerland
"
79,net114.com,0.01%,"China
"
56,jagtw.com,0.01%,"Taiwan
"
80,wezhan.cn,0.01%,"China
"
57,openfind.com.tw,0.01%,"Taiwan
"
55,cityyou.com,0.01%,"Thailand
"
87,blekko.com,0.01%,"Hong,Malaysia
"
67,nmn900.net,0.01%,"Spain
"
65,zoo.com,0.01%,"Saudi,Egypt
,United"
56,bisnescafe.com,0.01%,"Thailand
"
70,zapmeta.de,0.01%,"Germany
"
64,geocities.ws,0.01%,"Chile
,Colombia
,Argentina
,Mexico
,Peru
,Brazil
,Thailand
,Venezuela
"
81,fangcloud.com,0.01%,"China
"
57,vosteran.com,0.01%,"Chile
,Colombia
,Denmark
,Argentina
,India
,Indonesia
,Italy
,Austria
,Malaysia
,Mexico
,Peru
,Philippines
,Singapore
,Spain
,Brazil
,Thailand
"
66,webssearcher.com,0.01%,"Canada
,United"
67,mozilla.com.tw,0.01%,"Taiwan
,Hong"
68,tootud.com,0.01%,"Pakistan
"
90,tuvaro.com,0.01%,"Malaysia
"
85,iksu.se,0.01%,"Sweden
"
65,naldo.com.ar,0.01%,"Argentina
"
67,swirlsearch.com,0.01%,"Canada
,United"
60,ysl.net,0.01%,"Taiwan
"
89,pdfsb.net,0.01%,"Iraq
,Morocco
"
82,itc.cn,0.01%,"China
"
88,fast-likers.com,0.01%,"Iraq
"
55,buffalo-ggn.net,0.01%,"Canada
"
68,wolt.com,0.01%,"Finland
"
46,heredis-online.com,0.01%,"France
"
70,ipariszakkozep.hu,0.01%,"Hungary
"
68,fcv-etools.com,0.01%,"Vietnam
"
56,search-rank-check.com,0.01%,"Japan
"
83,drip.im,0.01%,"China
"
73,pamelascott.com,0.01%,"Ireland
"
98,paterva.com,0.01%,"Qatar
"
68,iridiumsearch.com,0.01%,"Canada
,United"
65,findamo.com,0.01%,"Croatia
,Iraq
,Philippines
,Venezuela
"
76,vebidoo.de,0.01%,"Germany
,Austria
,Switzerland
"
64,aussieweb.com.au,0.01%,"Australia
"
69,alicekeeler.com,0.01%,United
71,wiju.es,0.01%,"Spain
"
65,finderoo.com,0.01%,"Australia
"
85,zhangge.net,0.01%,"China
"
86,soso.com,0.01%,"China
"
80,halens.no,0.01%,"Norway
"
80,dekopasaj.com,0.01%,"Turkey
"
81,izlesem.org,0.01%,"Turkey
"
63,gameslola.com,0.01%,"Egypt
"
76,grand-national-guide.co.uk,0.01%,United
57,ttcn.ne.jp,0.01%,"Japan
"
52,supervales.com.br,0.01%,"Brazil
"
57,kfcdelivery.ca,0.01%,"Canada
"
62,mobistos.com,0.01%,Czech
34,trafjiz.com,0.01%,"Russia
,Ukraine
"
58,applision.com,0.01%,"Japan
"
64,google.as,0.01%,"Bulgaria
,Iraq
,Egypt
"
87,f3322.org,0.01%,"China
"
83,10khit.com,0.01%,"Denmark
"
88,hna.net,0.01%,"China
"
82,bing.com.cn,0.01%,"Norway
"
96,yourpagemeetsmine.com,0.01%,"Philippines
"
78,searchelectoralroll.co.uk,0.01%,United
66,yamli.com,0.01%,"Kuwait
,Morocco
,Qatar
,United,Egypt
"
85,torrentsmirror.com,0.01%,"Denmark
"
73,gyorgyteabolt.hu,0.01%,"Hungary
"
72,fsolver.it,0.01%,"Italy
"
52,touteslespannes.fr,0.01%,"France
"
71,zenbu.co.nz,0.01%,New
55,czatownick.com,0.01%,"Poland
"
74,abc-cooking.com.hk,0.01%,Hong
83,arasak.com,0.01%,"Turkey
"
75,frdic.com,0.01%,"China
,Taiwan
,France
,Hong"
78,sherut.net,0.01%,"Israel
"
59,croooober.com,0.01%,"Japan
"
74,qoop.it,0.01%,"Italy
"
82,selenapizza.com,0.01%,"Bulgaria
"
70,google.com.cu,0.01%,"Mexico
"
66,404.ru,0.01%,"Portugal
"
71,diffen.com,0.01%,"Canada
,India
,Australia
,Ireland
,New,Pakistan
,Singapore
,United"
72,unblockthatsite.net,0.01%,"Pakistan
"
71,khotruyenhay.mobi,0.01%,"Vietnam
"
84,shoogle.ro,0.01%,"Romania
"
79,search-quick.com,0.01%,"Denmark
,Switzerland
"
75,nforelease.net,0.01%,"Italy
"
75,wyw.hu,0.01%,"Hungary
"
89,ikbc.com.cn,0.01%,"China
"
91,torrentz.me,0.01%,"Denmark
,India
,Portugal
,Saudi"
73,modskinlol.com,0.01%,"Vietnam
"
61,qinoa.com,0.01%,"Japan
"
63,ugcity.pw,0.01%,"Japan
"
73,google.to,0.01%,New
73,nearbypk.com,0.01%,"Pakistan
"
98,enhanced-search.com,0.01%,"Argentina
,Philippines
"
68,bestqualitysearch.com,0.01%,"Chile
,Colombia
,Mexico
,Brazil
,Venezuela
"
64,yicha.jp,0.01%,"Japan
"
90,yunfan.com,0.01%,"China
"
69,sweetpacks-search.com,0.01%,"Chile
,Taiwan
,Colombia
,Argentina
,India
,Indonesia
,Malaysia
,Mexico
,Belgium
,Peru
,Philippines
,Singapore
,Spain
,Switzerland
,Brazil
,Thailand
,Venezuela
"
65,xeory.jp,0.01%,"Japan
"
66,ntsu.edu.tw,0.01%,"Taiwan
"
85,xn--allestrungen-9ib.at,0.01%,"Austria
"
81,xfreeservice.com,0.01%,"Germany
,Austria
,Switzerland
"
71,al3abdakaa.com,0.01%,"Iraq
,Egypt
"
39,magok.ru,0.01%,"Russia
"
57,lemoteur.fr,0.01%,"France
"
79,58i.net,0.01%,"Taiwan
,Hong"
66,niobux.com,0.01%,"Greece
"
72,vn.hn,0.01%,"Bulgaria
,Taiwan
,Greece
,Hong,Hungary
,Iraq
,Israel
,Romania
,Egypt
"
95,allssearch.com,0.01%,"Morocco
"
77,nsnebast.com,0.01%,"Indonesia
"
92,ankiro.dk,0.01%,"Denmark
"
68,g-search.or.jp,0.01%,"Japan
"
77,quick-seeker.com,0.01%,"Mexico
,Spain
"
78,dailyintekhab.com.pk,0.01%,"Pakistan
"
69,ritlweb.com,0.01%,"Japan
"
83,skf.net,0.01%,"Singapore
"
70,khikhi.com,0.01%,"Japan
"
80,backlinkwatch.com,0.01%,"India
,Pakistan
"
90,momsens.se,0.01%,"Sweden
"
79,rappersvn.net,0.01%,"Vietnam
"
80,niedersachsen.com,0.01%,"Germany
"
87,qwant.com,0.01%,"Canada
,Finland
,France
,Germany
,Australia
,Ireland
,Austria
,Netherlands
,Belgium
,Poland
,Qatar
,Sweden
,Switzerland
,United"
71,afi8.com,0.01%,"Japan
"
37,mister-x.org,0.01%,"Ukraine
"
71,odstranitvirus.cz,0.01%,Czech
70,mangapark.me,0.01%,"Bulgaria
,Canada
,Chile
,Colombia
,Croatia
,Czech,Denmark
,Finland
,France
,Germany
,Greece
,Hong,Hungary
,India
,Australia
,Indonesia
,Iraq
,Israel
,Italy
,Japan
,Austria
,Kuwait
,Malaysia
,Mexico
,Morocco
,Netherlands
,New,Belgium
,Norway
,Peru
,Philippines
,Poland
,Portugal
,Qatar
,Romania
,Russia
,Saudi,Serbia
,Singapore
,Slovakia
,Vietnam
,South,Sweden
,Switzerland
,Brazil
,Thailand
,United,Turkey
,Ukraine
,Egypt
,United,United,Venezuela
"
82,news.ricardo.ch,0.01%,"Switzerland
"
75,bsplayer-subtitles.com,0.01%,"Croatia
,Greece
,Israel
,Portugal
,Romania
,Serbia
"
72,luna.tv,0.01%,"Japan
"
75,pt.vu,0.01%,"Portugal
"
92,dingdone.com,0.01%,"China
"
38,boomle.ru,0.01%,"Russia
,Ukraine
"
81,lapklub.hu,0.01%,"Hungary
"
63,e-d.sk,0.01%,"Slovakia
"
68,xn--72c9abai0a2an3cxaa8b9c3j8a0gub.com,0.01%,"Thailand
"
94,sina.com.hk,0.01%,"Taiwan
,Hong,Australia
,Malaysia
"
89,snapmyscreen.com,0.01%,"Romania
"
94,globososo.com,0.01%,"Iraq
"
81,rivenditorilottomatica.it,0.01%,"Italy
"
74,ask-tb.com,0.01%,"Kuwait
,Egypt
"
93,pigcms.com,0.01%,"China
"
82,yicool.cn,0.01%,Hong
81,movieproxy.com,0.01%,"Kuwait
,Pakistan
"
73,akbp48.com,0.01%,"Japan
"
75,lmgtfy.com,0.01%,"Bulgaria
,Canada
,Taiwan
,Croatia
,Czech,Denmark
,Finland
,France
,Germany
,Greece
,Hungary
,Australia
,Ireland
,Israel
,Austria
,New,Belgium
,Norway
,Poland
,Portugal
,Russia
,Serbia
,Slovakia
,Sweden
,Switzerland
,Ukraine
,United,United"
82,articlerewritertool.com,0.01%,"Pakistan
"
69,kkbruce.net,0.01%,"Taiwan
"
83,proxyserver.pk,0.01%,"Pakistan
"
75,oivahymy.fi,0.01%,"Finland
"
84,servizioallerta.it,0.01%,"Italy
"
85,belowval.sg,0.01%,"Singapore
"
83,google.co.zw,0.01%,South
94,youbianku.com,0.01%,"China
"
72,groovorio.com,0.01%,"Chile
"
95,btsearchs.com,0.01%,"China
"
74,unyoo.jp,0.01%,"Japan
"
88,pinibook.com,0.01%,"Italy
"
78,weidian.com,0.01%,"China
,Hong,Australia
,New"
76,peoplesmart.com,0.01%,United
67,nation.com,0.01%,"Chile
,Colombia
,Argentina
,Mexico
,Morocco
,Peru
"
75,netyasun.com,0.01%,"Japan
"
72,wolframalpha.com,0.01%,"Bulgaria
,Canada
,Chile
,China
,Taiwan
,Colombia
,Croatia
,Czech,Denmark
,Finland
,France
,Germany
,Greece
,Argentina
,Hong,Hungary
,India
,Australia
,Ireland
,Israel
,Italy
,Japan
,Austria
,Kuwait
,Malaysia
,Mexico
,Netherlands
,New,Belgium
,Norway
,Pakistan
,Peru
,Philippines
,Poland
,Portugal
,Qatar
,Romania
,Russia
,Saudi,Serbia
,Singapore
,Slovakia
,Vietnam
,South,Spain
,Sweden
,Switzerland
,Brazil
,Thailand
,Turkey
,Ukraine
,Egypt
,United,United,Venezuela
"
89,zamundatorrent.org,0.01%,"Turkey
"
79,alahraam.com,0.01%,"Egypt
"
77,tumbex.com,0.01%,"Bulgaria
,Canada
,China
,Taiwan
,Croatia
,Czech,Denmark
,Finland
,France
,Germany
,Greece
,Argentina
,Hong,Hungary
,Australia
,Indonesia
,Israel
,Italy
,Japan
,Austria
,Kuwait
,Malaysia
,Mexico
,Netherlands
,New,Belgium
,Norway
,Poland
,Romania
,Russia
,Saudi,Serbia
,Singapore
,Slovakia
,Vietnam
,Spain
,Sweden
,Switzerland
,Brazil
,Thailand
,United,Turkey
,Ukraine
,Egypt
,United,United"
65,alvinet.com,0.01%,"France
"
84,gaminator2.com,0.01%,South
85,google.co.ma,0.01%,"France
,Iraq
,Morocco
,Belgium
,Spain
"
89,downdetector.co.uk,0.01%,United
76,jpg4.us,0.01%,"Japan
"
90,proxywebsite.co.uk,0.01%,"India
,Portugal
,South,United"
89,sg-coupon.com,0.01%,"Singapore
"
74,xxxporn88.com,0.01%,"Thailand
"
91,mitula.co.uk,0.01%,United
92,searchlotto.co.uk,0.01%,United
80,copyscape.com,0.01%,"India
,Pakistan
,Vietnam
"
97,memect.com,0.01%,"China
"
81,game4you.us,0.01%,"Vietnam
"
76,dnrm.qld.gov.au,0.01%,"Australia
"
79,mielipidemaailma.fi,0.01%,"Finland
"
82,exam-eg.info,0.01%,"Egypt
"
66,ladylink.org,0.01%,"France
"
98,aodianyun.com,0.01%,"China
"
77,sitebk.com,0.01%,"Japan
"
93,unbubble.eu,0.01%,"Germany
,Austria
"
84,timway.com,0.01%,Hong
40,digiseller.ru,0.01%,"Russia
,Ukraine
"
83,google.com.kw,0.01%,"Kuwait
,Qatar
,Saudi,United,Egypt
"
56,achecerto.com.br,0.01%,"Brazil
"
85,chtoen.com,0.01%,"Taiwan
,Hong"
79,mysearchdial.com,0.01%,"Chile
,Taiwan
,Colombia
,France
,Argentina
,India
,Indonesia
,Italy
,Austria
,Malaysia
,Mexico
,Peru
,Philippines
,Singapore
,Vietnam
,Spain
,Sweden
,Switzerland
,Brazil
,United,United,United"
73,unmundodepeliculas.com,0.01%,"Chile
,Colombia
,Argentina
,Mexico
,Peru
,Venezuela
"
76,acesse.com,0.01%,"China
,Taiwan
"
90,webmobili.it,0.01%,"Italy
"
96,neti.ee,0.01%,"Finland
,Norway
"
97,consignorportal.com,0.01%,"Norway
"
68,weblocal.ca,0.01%,"Canada
"
84,findmefreebies.com,0.01%,"Indonesia
,Iraq
,Pakistan
,Egypt
"
85,track2cash.com,0.01%,"Morocco
,Egypt
"
74,similarsites.com,0.01%,"Bulgaria
,Colombia
,Croatia
,Czech,Finland
,Greece
,India
,Belgium
,Romania
,Russia
,Slovakia
,Spain
,Ukraine
,Venezuela
"
82,intraforserver.com,0.01%,"Portugal
"
75,searchbetter.com,0.01%,"Chile
,Argentina
,Iraq
,Kuwait
,Mexico
,Morocco
,Saudi,Egypt
,Venezuela
"
94,dred.com,0.01%,"Germany
,Austria
"
60,p4ed.com,0.01%,"Brazil
"
85,gnib.org,0.01%,"Ireland
"
98,wikipedia.no,0.01%,"Norway
"
76,doko-search.com,0.01%,"Chile
,Croatia
,Iraq
,Philippines
,Venezuela
"
80,koivunen.fi,0.01%,"Finland
"
45,zapmeta.ru,0.01%,"Russia
"
79,atomurl.net,0.01%,"Japan
"
88,pdfmag.org,0.01%,"Croatia
,Austria
,South"
95,izito.co.uk,0.01%,"Ireland
,United"
80,iciba.com,0.01%,"Canada
,China
,Taiwan
,Hong,Australia
,Japan
,Malaysia
,New,Singapore
,United"
80,clipsaoyai.co.vu,0.01%,"Thailand
"
80,scupio.com,0.01%,"Taiwan
"
81,rtrk.jp,0.01%,"Japan
"
89,peeplo.com,0.01%,South
87,icourse163.org,0.01%,"China
,Hong"
88,do-search.com,0.01%,"India
,Morocco
,Pakistan
,Poland
,Portugal
,Romania
,Vietnam
,South,Brazil
,Egypt
"
79,elgoog.im,0.01%,"Argentina
"
80,velpro.rs,0.01%,"Serbia
"
91,mydreamworld.50webs.com,0.01%,"Pakistan
"
94,rfiv.net,0.01%,"Israel
"
88,iconfont.cn,0.01%,"China
,Hong"
92,niuyou5.com,0.01%,"China
,Singapore
"
91,xn--allestrungen-9ib.ch,0.01%,"Switzerland
"
77,trovi.com,0.01%,"Bulgaria
,Canada
,Chile
,Croatia
,Denmark
,Finland
,France
,Germany
,Greece
,Argentina
,Hungary
,India
,Australia
,Indonesia
,Iraq
,Ireland
,Israel
,Italy
,Japan
,Austria
,Kuwait
,Malaysia
,Mexico
,Morocco
,Netherlands
,New,Belgium
,Norway
,Pakistan
,Peru
,Philippines
,Portugal
,Romania
,Saudi,Serbia
,Singapore
,Vietnam
,South,Spain
,Sweden
,Switzerland
,Brazil
,Thailand
,United,Turkey
,Egypt
,United,United,Venezuela
"
96,concorso-a-premi.com,0.01%,"Italy
"
88,armf.bg,0.01%,"Bulgaria
"
81,op-pohjola.fi,0.01%,"Finland
"
97,xhcdn.com,0.01%,"Czech,Finland
,France
,Germany
,Greece
,Poland
,Russia
,Serbia
,Slovakia
,Sweden
,Ukraine
,United"
72,notable.ca,0.01%,"Canada
"
88,panpages.com.vn,0.01%,"Vietnam
"
93,serplab.co.uk,0.01%,"Bulgaria
,Croatia
,India
,Netherlands
,Spain
"
62,juridicocorrespondentes.com.br,0.01%,"Brazil
"
82,twitchemotes.com,0.01%,"Finland
"
63,123achei.com.br,0.01%,"Brazil
"
100,saveris2.net,0.01%,"Austria
"
95,etao.com,0.01%,"China
,Hong,Singapore
"
91,google.hk,0.01%,Hong
92,agiso.com,0.01%,"China
,Hong"
93,google.co.tz,0.01%,South
78,xbooru.com,0.01%,"Bulgaria
,Canada
,Croatia
,Finland
,France
,Germany
,Argentina
,Hungary
,Australia
,Austria
,Mexico
,Netherlands
,Norway
,Poland
,Romania
,Russia
,Serbia
,Slovakia
,Sweden
,United,Venezuela
"
82,monegle.com,0.01%,"Japan
"
65,finaldanet.com.br,0.01%,"Brazil
"
42,sputnik.ru,0.01%,"Russia
,Ukraine
"
81,znanje.hr,0.01%,"Croatia
,Serbia
"
99,awwni.me,0.01%,"Canada
,Finland
,Singapore
,Sweden
"
90,internettudakozo.hu,0.01%,"Hungary
"
98,scommetticonlb.com,0.01%,"Italy
"
82,guidestar.org,0.01%,United
97,linggle.com,0.01%,"China
,Taiwan
,Hong,Singapore
"
82,foxoglasi.com,0.01%,"Serbia
"
96,searchcompletion.com,0.01%,"Chile
,Indonesia
,Romania
"
91,sonic-search.com,0.01%,"Pakistan
,Egypt
"
67,netsabe.com.br,0.01%,"Brazil
"
73,degerencia.com,0.01%,"Colombia
,Peru
"
95,bestsearch.com,0.01%,South
82,fileget.me,0.01%,"Taiwan
"
84,google.ws,0.01%,New
92,keywordtool.io,0.01%,"Finland
,India
,Iraq
,Israel
,Morocco
,Norway
,Pakistan
,Vietnam
,Egypt
"
99,yourmediahq.com,0.01%,"Croatia
,Serbia
,Singapore
"
78,e-papadakis.gr,0.01%,"Greece
"
93,ues.bg,0.01%,"Bulgaria
"
79,katehaki8.com,0.01%,"Greece
"
92,webook.pt,0.01%,"Portugal
"
96,google.bf,0.01%,South
71,mykds.com,0.01%,"France
"
86,thescriptlibrary.com,0.01%,"Chile
,Czech,France
,Argentina
,Hong,India
,Indonesia
,Israel
,Italy
,Kuwait
,Belgium
,Philippines
,South,Spain
,Thailand
"
80,info.com.au,0.01%,"Australia
"
69,google.com.py,0.01%,"Argentina
,Brazil
"
98,safindit.co.za,0.01%,South
79,tumayorferretero.net,0.01%,"Venezuela
"
84,heyxu.com,0.01%,"Taiwan
"
84,filespart.com,0.01%,"Croatia
"
94,haosou.com,0.01%,"China
,Taiwan
,Hong"
84,safesear.ch,0.01%,United
97,google.com.ly,0.01%,"Norway
,Saudi,United,Turkey
"
72,rtrk.com.br,0.01%,"Brazil
"
44,mp3s.cc,0.01%,"Russia
,Ukraine
"
85,ypu.edu.tw,0.01%,"Taiwan
"
93,searchnet.com,0.01%,"Chile
,Portugal
,Egypt
"
81,searchgol.com,0.01%,"Chile
,Argentina
,Indonesia
,Malaysia
,Mexico
,Morocco
,Philippines
,Vietnam
,Venezuela
"
94,allyoulike.com,0.01%,"Croatia
,Iraq
,Malaysia
,New,Philippines
,Saudi,Serbia
,Singapore
,Slovakia
,South,United,Egypt
"
82,safehomepage.com,0.01%,"Bulgaria
,Colombia
,Greece
,Argentina
,India
,Indonesia
,Iraq
,Italy
,Malaysia
,Mexico
,Morocco
,Pakistan
,Philippines
,Poland
,Romania
,Saudi,Serbia
,Vietnam
,Spain
,Thailand
,Egypt
,Venezuela
"
86,cavedu.com,0.01%,"Taiwan
"
96,comortais.com,0.01%,"Ireland
"
99,holasearch.com,0.01%,"Belgium
"
100,pixwords-help.info,0.01%,"Bulgaria
,Finland
,Greece
,Belgium
"
83,freesearchquick.com,0.01%,"Chile
,Colombia
,Brazil
,Venezuela
"
97,google.im,0.01%,"India
,Pakistan
"
89,3qc.vn,0.01%,"Vietnam
"
95,mytrendyphone.pt,0.01%,"Portugal
"
89,isanook.com,0.01%,"Thailand
"
88,xuite.tw,0.01%,"Taiwan
"
96,trovigo.com,0.01%,"Portugal
"
90,xdite.net,0.01%,"Taiwan
"
88,zappie.net,0.01%,New
98,bugmenot.com,0.01%,"Germany
,Greece
,Austria
,Morocco
,Philippines
,Poland
,Serbia
,Switzerland
"
91,sa.gov.tw,0.01%,"Taiwan
"
86,oursearching.com,0.01%,"Indonesia
"
84,22find.com,0.01%,"Taiwan
,Colombia
,Greece
,Argentina
,India
,Indonesia
,Iraq
,Israel
,Mexico
,Morocco
,Pakistan
,Philippines
,Poland
,Portugal
,Romania
,Vietnam
,South,Brazil
,Thailand
,Turkey
,Venezuela
"
98,carpricesegypt.com,0.01%,"Egypt
"
92,reneelab.net,0.01%,"Taiwan
"
99,mac-torrent-download.net,0.01%,"Canada
,France
,Greece
,Indonesia
,Italy
,Morocco
,Belgium
,Norway
,Portugal
,Qatar
,Saudi,Singapore
,South,Spain
,Switzerland
,Egypt
"
85,peekyou.com,0.01%,United
84,ihonex.com,0.01%,"Japan
"
100,auspreiser.de,0.01%,"Germany
,Austria
,Switzerland
"
82,infored.com.mx,0.01%,"Mexico
"
87,worldsearchpro.com,0.01%,"Indonesia
"
91,paket.net,0.01%,"Germany
"
47,lookengine.ru,0.01%,"Russia
,Ukraine
"
93,getit.in,0.01%,"India
"
85,oahk.eu,0.01%,Czech
85,ant.com,0.01%,"Canada
,Czech,France
,Germany
,Greece
,Hungary
,India
,Australia
,Indonesia
,Austria
,Malaysia
,Mexico
,New,Peru
,Poland
,South,Spain
,Switzerland
,Brazil
,Venezuela
"
47,sp-kubani.ru,0.01%,"Russia
"
89,mykristin.school.nz,0.01%,New
100,mp3gratis.co,0.01%,"Indonesia
,Malaysia
,Slovakia
,South,Egypt
"
88,only-search.com,0.01%,"Indonesia
,Malaysia
,Pakistan
,Philippines
,Serbia
"
82,claro-search.com,0.01%,"Chile
"
68,forumpl.net,0.01%,"Poland
"
69,astrona.pl,0.01%,"Poland
"
90,modifikasi.co.id,0.01%,"Indonesia
"
93,koordinates.com,0.01%,New
86,gotitsearch.com,0.01%,"Venezuela
"
94,kanban-chi.appspot.com,0.01%,"Taiwan
"
90,business.com,0.01%,United
94,fahrschule-123.de,0.01%,"Germany
"
88,golsearch.com,0.01%,"Croatia
,Venezuela
"
95,byvue.com,0.01%,"India
"
96,ticketgreen.com,0.01%,"India
"
51,aport.ru,0.01%,"Russia
,Ukraine
"
90,mobilimoderni.rs,0.01%,"Serbia
"
89,iconfinder.com,0.01%,"Bulgaria
,Canada
,Chile
,China
,Taiwan
,Colombia
,Croatia
,Czech,Denmark
,Finland
,France
,Germany
,Greece
,Argentina
,Hong,Hungary
,India
,Australia
,Indonesia
,Iraq
,Ireland
,Israel
,Italy
,Japan
,Austria
,Kuwait
,Malaysia
,Mexico
,Morocco
,Netherlands
,New,Belgium
,Norway
,Pakistan
,Peru
,Philippines
,Poland
,Portugal
,Qatar
,Romania
,Russia
,Saudi,Serbia
,Singapore
,Slovakia
,Vietnam
,South,Spain
,Sweden
,Switzerland
,Brazil
,Thailand
,United,Turkey
,Ukraine
,Egypt
,United,United,Venezuela
"
90,vicoffroad.com.au,0.01%,"Australia
"
75,gw2tp.com,0.01%,"Slovakia
"
97,movie.ok.de,0.01%,"Germany
"
99,gepeid.hu,0.01%,"Hungary
"
100,clinicalkey.com,0.01%,"Portugal
"
94,zwiiky.com,0.01%,"Croatia
,Iraq
,Pakistan
,Philippines
,Romania
,Serbia
,South,Thailand
"
90,italiawebcam.org,0.01%,"Taiwan
,Czech,Denmark
,Australia
,Japan
,Mexico
,New,Norway
,Philippines
,Poland
,Slovakia
,Vietnam
,Thailand
,Egypt
,Venezuela
"
87,partner-s.net,0.01%,"Japan
"
88,material-ui.com,0.01%,"Japan
"
91,play-bar.net,0.01%,"Bulgaria
,Chile
,Croatia
,Czech,Greece
,Hungary
,India
,Indonesia
,Iraq
,Kuwait
,Morocco
,Pakistan
,Philippines
,Portugal
,Romania
,Saudi,Serbia
,Slovakia
,Vietnam
,South,Egypt
,Venezuela
"
95,okavok.com,0.01%,"Taiwan
"
89,homepage-reborn.com,0.01%,"Japan
"
93,astromenda.com,0.01%,"Chile
,Colombia
,Argentina
,India
,Ireland
,Kuwait
,Malaysia
,Mexico
,Peru
,Philippines
,Singapore
,Sweden
,Brazil
,United,Venezuela
"
90,mediapress-net.com,0.01%,"Japan
"
87,cuentra.com,0.01%,"Chile
"
94,supply.gr,0.01%,"Greece
"
96,searchpage.com,0.01%,"Indonesia
,Philippines
,Vietnam
,Thailand
"
80,domovska-stranka.sk,0.01%,"Slovakia
"
91,scd-coastcapitalsavings.com,0.01%,"Canada
"
99,openlinkprofiler.org,0.01%,"India
"
91,moving-assist.com,0.01%,"Japan
"
94,searchnow.com,0.01%,"Canada
,United,United"
100,realmeye.com,0.01%,"Croatia
,Australia
"
95,google.org,0.01%,"Japan
,United"
97,outdoor.rs,0.01%,"Serbia
"
98,medi-map.co.nz,0.01%,New
99,ewao.com,0.01%,"Croatia
,Portugal
,Serbia
"
83,qone8.com,0.01%,"Greece
,Morocco
,Romania
,Slovakia
"
96,iqdb.org,0.01%,"Canada
,China
,Taiwan
,Norway
,Sweden
,United"
53,scorser.com,0.01%,"Russia
,Ukraine
"
83,webcid.com.br,0.01%,"Brazil
"
95,keminkaari.fi,0.01%,"Finland
"
93,pandajuegosgratis.com,0.01%,"Argentina
"
88,paco.com.co,0.01%,"Colombia
"
100,googlesyndication.com,0.01%,"Indonesia
"
97,shadertoy.com,0.01%,"Finland
"
85,odovo.com.br,0.01%,"Brazil
"
73,downdetector.pl,0.01%,"Poland
"
97,finehomebuilding.com,0.01%,United
87,acheter-ou.fr,0.01%,"France
"
94,max-start.com,0.01%,"Bulgaria
,Chile
,Colombia
,Argentina
,Mexico
,Belgium
,Philippines
,Venezuela
"
98,opencare.com,0.01%,"Canada
"
98,myxnova.com,0.01%,"Taiwan
"
99,walkrgame.com,0.01%,"Taiwan
"
95,search-simple.com,0.01%,"Indonesia
,Iraq
,Morocco
,Philippines
,Saudi,Venezuela
"
89,hellosearch.fr,0.01%,"France
"
95,goole.com,0.01%,"Indonesia
,Pakistan
,Vietnam
"
91,genesis-offers.com,0.00%,"Colombia
"
97,quees.la,0.00%,"Colombia
,Mexico
,Peru
,Venezuela
"
98,ixquick.com,0.00%,"Bulgaria
,Canada
,Croatia
,Czech,Denmark
,Finland
,France
,Germany
,Greece
,Argentina
,Hong,Hungary
,Australia
,Ireland
,Italy
,Austria
,Mexico
,Morocco
,Netherlands
,New,Belgium
,Norway
,Peru
,Poland
,Portugal
,Romania
,Slovakia
,South,Spain
,Sweden
,Switzerland
,Thailand
,United,Turkey
,United,United,Venezuela
"
100,aesitelink.com,0.00%,"Greece
"
99,slack-files.com,0.00%,"Canada
,Denmark
,Finland
,Australia
,Ireland
,Japan
,Norway
,Singapore
,United"
54,omskrielt.com,0.00%,"Russia
"
100,garyautoinsurance.com,0.00%,"Thailand
"
100,nzbindex.nl,0.00%,"Canada
,Denmark
,France
,Germany
,Australia
,Austria
,Netherlands
,Belgium
,South,Switzerland
,United,United"
56,findpatent.com.ua,0.00%,"Ukraine
"
91,trouver.fr,0.00%,"France
"
99,findeen.es,0.00%,"Peru
,Spain
,Venezuela
"
89,pergunte.info,0.00%,"Brazil
"
57,vidpo.net,0.00%,"Ukraine
"
92,trouve.info,0.00%,"France
"
58,download-cs.net,0.00%,"Russia
,Ukraine
"
94,halpas.com,0.00%,"Japan
"
91,linkonym.appspot.com,0.00%,"Qatar
,Brazil
"
96,findmyfbid.com,0.00%,"Vietnam
"
89,yaimo.com,0.00%,"Chile
,Colombia
,Peru
"
87,lui.cz,0.00%,"Czech,Slovakia
"
90,kdliker.com,0.00%,"Peru
"
97,myweb.pro.vn,0.00%,"Vietnam
"
95,autocargo.cl,0.00%,"Chile
"
96,iputilities.net,0.00%,"Japan
"
56,neberitrubku.ru,0.00%,"Russia
"
91,megasearch.co,0.00%,"France
,Italy
,Belgium
,Peru
"
95,findeen.fr,0.00%,"France
"
60,booksee.org,0.00%,"Russia
,Ukraine
"
97,kolegios.com,0.00%,"Colombia
"
97,yotod.com,0.00%,"France
"
98,e-nautia.com,0.00%,"France
"
96,mysearchs.com,0.00%,"Chile
"
61,perlinka.ua,0.00%,"Ukraine
"
99,platsnetvins.com,0.00%,"France
"
98,fisicanet.com.ar,0.00%,"Colombia
"
98,accelatech.com,0.00%,"Japan
"
95,cassol.com.br,0.00%,"Brazil
"
62,inet123.ru,0.00%,"Ukraine
"
95,comologia.com,0.00%,"Mexico
,Peru
"
100,webwiki.fr,0.00%,"France
"
99,sweet-page.com,0.00%,"Indonesia
,Iraq
,Israel
,Kuwait
,Morocco
,Pakistan
,Saudi,Vietnam
"
90,google.cm,0.00%,"Greece
,Slovakia
"
96,notices-pdf.com,0.00%,"Chile
,France
,Italy
,Mexico
,Morocco
,Peru
"
58,29ru.net,0.00%,"Russia
"
91,searchfix.info,0.00%,"Philippines
,Slovakia
"
100,localhost.com,0.00%,"Argentina
,Vietnam
"
66,poradum.com.ua,0.00%,"Ukraine
"
93,denystav.sk,0.00%,"Slovakia
"
100,goalous.com,0.00%,"Japan
"
67,kadam.net,0.00%,"Ukraine
"
98,skyseek.net,0.00%,"Brazil
"
84,addonscity.com,0.00%,"Poland
"
99,caiutudo.com,0.00%,"Brazil
"
68,webkind.ru,0.00%,"Russia
,Ukraine
"
95,dalesearch.com,0.00%,"Slovakia
"
69,otvetprost.com,0.00%,"Russia
,Ukraine
"
70,ljpoisk.ru,0.00%,"Russia
,Ukraine
"
97,similarsitesearch.com,0.00%,"Slovakia
"
71,123sdfsdfsdfsd.ru,0.00%,"Bulgaria
,Russia
,Ukraine
"
72,uz.cm,0.00%,"Russia
,Ukraine
"
92,obitur.pl,0.00%,"Poland
"
76,boardreader.com,0.00%,"Taiwan
,Hong,Malaysia
,Russia
,Ukraine
"
78,genon.ru,0.00%,"Russia
,Ukraine
"
100,yiv.com,0.00%,"Bulgaria
,Poland
"
66,maps.sputnik.ru,0.00%,"Russia
"
82,top.io,0.00%,"Ukraine
"
69,tversu.ru,0.00%,"Russia
"
70,clubklad.ru,0.00%,"Russia
"
84,au.ru,0.00%,"Netherlands
,Russia
,Ukraine
"
85,klivz.com,0.00%,"Russia
,Ukraine
"
71,sadovodka.ru,0.00%,"Russia
"
86,vector.me,0.00%,"Indonesia
,Russia
,Ukraine
"
87,dmoz.org,0.00%,"Denmark
,Greece
,India
,Italy
,Pakistan
,Russia
,Turkey
,Ukraine
"
88,mnogo.ru,0.00%,"Russia
,Ukraine
"
89,cybo.com,0.00%,"Bulgaria
,Croatia
,Finland
,Hungary
,Iraq
,Israel
,Malaysia
,Belgium
,Peru
,Poland
,Portugal
,Serbia
,Ukraine
"
91,google.md,0.00%,"Denmark
,Ireland
,Italy
,Romania
,Ukraine
"
92,datasheetarchive.com,0.00%,"Israel
,Russia
,Ukraine
"
93,alhea.com,0.00%,"France
,Germany
,Argentina
,India
,Indonesia
,Italy
,Mexico
,Pakistan
,Philippines
,Poland
,Russia
,Brazil
,Ukraine
"
95,timepad.ru,0.00%,"Russia
,Ukraine
"
82,glavlist.ru,0.00%,"Russia
"
84,reestr-zalogov.ru,0.00%,"Russia
"
86,rx24.ru,0.00%,"Russia
"
87,swingomania.com,0.00%,"Russia
"
89,2jis.ru,0.00%,"Russia
"
90,cpawall.com,0.00%,"Russia
"
91,webstatsdomain.org,0.00%,"Russia
"
93,narodclub.net,0.00%,"Russia
"
94,yasni.ru,0.00%,"Russia
"
95,metjm.net,0.00%,"Russia
"
